agent_id,allocation_sha256,cross_track_error_to_remaining_path,current_local_tracking_target,episode_index,final_assignment_waypoint,method,mission_phase,path_next_index,position,remaining_path_invalidated,remaining_path_length,remaining_path_point_count,scenario_seed,step
1,f9bd933217be11ecd84eee615a9e75c1adbdb6716111b832ed5be39f47f66f28,4.079085325459297,"[17.0,7.0,5.5]",3,"[17.0,17.0,5.5]",Event-BSER-phase1b2_corrected,SEARCH,4,"[12.332538604736328,7.786561489105225,2.6625444889068604]",False,17.175461739598283,6,2731,245
1,f9bd933217be11ecd84eee615a9e75c1adbdb6716111b832ed5be39f47f66f28,4.079389361140668,"[17.0,7.0,5.5]",3,"[17.0,17.0,5.5]",Event-BSER-phase1b2_corrected,SEARCH,4,"[12.394546508789062,7.65619421005249,2.663238525390625]",False,17.105524579475777,6,2731,248
1,f9bd933217be11ecd84eee615a9e75c1adbdb6716111b832ed5be39f47f66f28,4.069020894703348,"[17.0,7.0,5.5]",3,"[17.0,17.0,5.5]",Event-BSER-phase1b2_corrected,SEARCH,4,"[12.421309471130371,7.635984897613525,2.663320779800415]",False,17.08047229904796,6,2731,250
1,f9bd933217be11ecd84eee615a9e75c1adbdb6716111b832ed5be39f47f66f28,4.059707818685068,"[17.0,7.0,5.5]",3,"[17.0,17.0,5.5]",Event-BSER-phase1b2_corrected,SEARCH,4,"[12.449884414672852,7.610016345977783,2.663438081741333]",False,17.0533119115437,6,2731,252
1,f9bd933217be11ecd84eee615a9e75c1adbdb6716111b832ed5be39f47f66f28,4.059707818685068,"[17.0,7.0,5.5]",3,"[17.0,17.0,5.5]",Event-BSER-phase1b2_corrected,SEARCH,4,"[12.449884414672852,7.610016345977783,2.663438081741333]",False,17.0533119115437,6,2731,253
1,f9bd933217be11ecd84eee615a9e75c1adbdb6716111b832ed5be39f47f66f28,4.059707818685068,"[17.0,7.0,5.5]",3,"[17.0,17.0,5.5]",Event-BSER-phase1b2_corrected,SEARCH,4,"[12.449884414672852,7.610016345977783,2.663438081741333]",False,17.0533119115437,6,2731,254
1,f9bd933217be11ecd84eee615a9e75c1adbdb6716111b832ed5be39f47f66f28,4.059707818685068,"[17.0,7.0,5.5]",3,"[17.0,17.0,5.5]",Event-BSER-phase1b2_corrected,SEARCH,4,"[12.449884414672852,7.610016345977783,2.663438081741333]",False,17.0533119115437,6,2731,255
1,f9bd933217be11ecd84eee615a9e75c1adbdb6716111b832ed5be39f47f66f28,4.059707818685068,"[17.0,7.0,5.5]",3,"[17.0,17.0,5.5]",Event-BSER-phase1b2_corrected,SEARCH,4,"[12.449884414672852,7.610016345977783,2.663438081741333]",False,17.0533119115437,6,2731,256
1,f9bd933217be11ecd84eee615a9e75c1adbdb6716111b832ed5be39f47f66f28,4.059707818685068,"[17.0,7.0,5.5]",3,"[17.0,17.0,5.5]",Event-BSER-phase1b2_corrected,SEARCH,4,"[12.449884414672852,7.610016345977783,2.663438081741333]",False,17.0533119115437,6,2731,257
1,f9bd933217be11ecd84eee615a9e75c1adbdb6716111b832ed5be39f47f66f28,4.059707818685068,"[17.0,7.0,5.5]",3,"[17.0,17.0,5.5]",Event-BSER-phase1b2_corrected,SEARCH,4,"[12.449884414672852,7.610016345977783,2.663438081741333]",False,17.0533119115437,6,2731,258
1,f9bd933217be11ecd84eee615a9e75c1adbdb6716111b832ed5be39f47f66f28,4.059707818685068,"[17.0,7.0,5.5]",3,"[17.0,17.0,5.5]",Event-BSER-phase1b2_corrected,SEARCH,4,"[12.449884414672852,7.610016345977783,2.663438081741333]",False,17.0533119115437,6,2731,259
1,f9bd933217be11ecd84eee615a9e75c1adbdb6716111b832ed5be39f47f66f28,4.059707818685068,"[17.0,7.0,5.5]",3,"[17.0,17.0,5.5]",Event-BSER-phase1b2_corrected,SEARCH,4,"[12.449884414672852,7.610016345977783,2.663438081741333]",False,17.0533119115437,6,2731,260
1,f9bd933217be11ecd84eee615a9e75c1adbdb6716111b832ed5be39f47f66f28,4.059707818685068,"[17.0,7.0,5.5]",3,"[17.0,17.0,5.5]",Event-BSER-phase1b2_corrected,SEARCH,4,"[12.449884414672852,7.610016345977783,2.663438081741333]",False,17.0533119115437,6,2731,261
1,f9bd933217be11ecd84eee615a9e75c1adbdb6716111b832ed5be39f47f66f28,4.059707818685068,"[17.0,7.0,5.5]",3,"[17.0,17.0,5.5]",Event-BSER-phase1b2_corrected,SEARCH,4,"[12.449884414672852,7.610016345977783,2.663438081741333]",False,17.0533119115437,6,2731,262
1,f9bd933217be11ecd84eee615a9e75c1adbdb6716111b832ed5be39f47f66f28,4.059707818685068,"[17.0,7.0,5.5]",3,"[17.0,17.0,5.5]",Event-BSER-phase1b2_corrected,SEARCH,4,"[12.449884414672852,7.610016345977783,2.663438081741333]",False,17.0533119115437,6,2731,263
1,f9bd933217be11ecd84eee615a9e75c1adbdb6716111b832ed5be39f47f66f28,4.059707818685068,"[17.0,7.0,5.5]",3,"[17.0,17.0,5.5]",Event-BSER-phase1b2_corrected,SEARCH,4,"[12.449884414672852,7.610016345977783,2.663438081741333]",False,17.0533119115437,6,2731,264
1,f9bd933217be11ecd84eee615a9e75c1adbdb6716111b832ed5be39f47f66f28,4.059707818685068,"[17.0,7.0,5.5]",3,"[17.0,17.0,5.5]",Event-BSER-phase1b2_corrected,SEARCH,4,"[12.449884414672852,7.610016345977783,2.663438081741333]",False,17.0533119115437,6,2731,265
1,f9bd933217be11ecd84eee615a9e75c1adbdb6716111b832ed5be39f47f66f28,4.059707818685068,"[17.0,7.0,5.5]",3,"[17.0,17.0,5.5]",Event-BSER-phase1b2_corrected,SEARCH,4,"[12.449884414672852,7.610016345977783,2.663438081741333]",False,17.0533119115437,6,2731,266
1,f9bd933217be11ecd84eee615a9e75c1adbdb6716111b832ed5be39f47f66f28,4.059707818685068,"[17.0,7.0,5.5]",3,"[17.0,17.0,5.5]",Event-BSER-phase1b2_corrected,SEARCH,4,"[12.449884414672852,7.610016345977783,2.663438081741333]",False,17.0533119115437,6,2731,267
1,f9bd933217be11ecd84eee615a9e75c1adbdb6716111b832ed5be39f47f66f28,4.059707818685068,"[17.0,7.0,5.5]",3,"[17.0,17.0,5.5]",Event-BSER-phase1b2_corrected,SEARCH,4,"[12.449884414672852,7.610016345977783,2.663438081741333]",False,17.0533119115437,6,2731,268
1,f9bd933217be11ecd84eee615a9e75c1adbdb6716111b832ed5be39f47f66f28,4.059707818685068,"[17.0,7.0,5.5]",3,"[17.0,17.0,5.5]",Event-BSER-phase1b2_corrected,SEARCH,4,"[12.449884414672852,7.610016345977783,2.663438081741333]",False,17.0533119115437,6,2731,269
1,f9bd933217be11ecd84eee615a9e75c1adbdb6716111b832ed5be39f47f66f28,4.059707818685068,"[17.0,7.0,5.5]",3,"[17.0,17.0,5.5]",Event-BSER-phase1b2_corrected,SEARCH,4,"[12.449884414672852,7.610016345977783,2.663438081741333]",False,17.0533119115437,6,2731,270
1,f9bd933217be11ecd84eee615a9e75c1adbdb6716111b832ed5be39f47f66f28,4.059707818685068,"[17.0,7.0,5.5]",3,"[17.0,17.0,5.5]",Event-BSER-phase1b2_corrected,SEARCH,4,"[12.449884414672852,7.610016345977783,2.663438081741333]",False,17.0533119115437,6,2731,271
1,f9bd933217be11ecd84eee615a9e75c1adbdb6716111b832ed5be39f47f66f28,4.059707818685068,"[17.0,7.0,5.5]",3,"[17.0,17.0,5.5]",Event-BSER-phase1b2_corrected,SEARCH,4,"[12.449884414672852,7.610016345977783,2.663438081741333]",False,17.0533119115437,6,2731,272
1,f9bd933217be11ecd84eee615a9e75c1adbdb6716111b832ed5be39f47f66f28,4.059707818685068,"[17.0,7.0,5.5]",3,"[17.0,17.0,5.5]",Event-BSER-phase1b2_corrected,SEARCH,4,"[12.449884414672852,7.610016345977783,2.663438081741333]",False,17.0533119115437,6,2731,273
1,f9bd933217be11ecd84eee615a9e75c1adbdb6716111b832ed5be39f47f66f28,4.059707818685068,"[17.0,7.0,5.5]",3,"[17.0,17.0,5.5]",Event-BSER-phase1b2_corrected,SEARCH,4,"[12.449884414672852,7.610016345977783,2.663438081741333]",False,17.0533119115437,6,2731,274
1,f9bd933217be11ecd84eee615a9e75c1adbdb6716111b832ed5be39f47f66f28,4.059707818685068,"[17.0,7.0,5.5]",3,"[17.0,17.0,5.5]",Event-BSER-phase1b2_corrected,SEARCH,4,"[12.449884414672852,7.610016345977783,2.663438081741333]",False,17.0533119115437,6,2731,275
1,f9bd933217be11ecd84eee615a9e75c1adbdb6716111b832ed5be39f47f66f28,4.059707818685068,"[17.0,7.0,5.5]",3,"[17.0,17.0,5.5]",Event-BSER-phase1b2_corrected,SEARCH,4,"[12.449884414672852,7.610016345977783,2.663438081741333]",False,17.0533119115437,6,2731,276
1,f9bd933217be11ecd84eee615a9e75c1adbdb6716111b832ed5be39f47f66f28,4.059707818685068,"[17.0,7.0,5.5]",3,"[17.0,17.0,5.5]",Event-BSER-phase1b2_corrected,SEARCH,4,"[12.449884414672852,7.610016345977783,2.663438081741333]",False,17.0533119115437,6,2731,277
1,f9bd933217be11ecd84eee615a9e75c1adbdb6716111b832ed5be39f47f66f28,4.059707818685068,"[17.0,7.0,5.5]",3,"[17.0,17.0,5.5]",Event-BSER-phase1b2_corrected,SEARCH,4,"[12.449884414672852,7.610016345977783,2.663438081741333]",False,17.0533119115437,6,2731,278
1,f9bd933217be11ecd84eee615a9e75c1adbdb6716111b832ed5be39f47f66f28,4.059707818685068,"[17.0,7.0,5.5]",3,"[17.0,17.0,5.5]",Event-BSER-phase1b2_corrected,SEARCH,4,"[12.449884414672852,7.610016345977783,2.663438081741333]",False,17.0533119115437,6,2731,279
1,f9bd933217be11ecd84eee615a9e75c1adbdb6716111b832ed5be39f47f66f28,4.059707818685068,"[17.0,7.0,5.5]",3,"[17.0,17.0,5.5]",Event-BSER-phase1b2_corrected,SEARCH,4,"[12.449884414672852,7.610016345977783,2.663438081741333]",False,17.0533119115437,6,2731,280
1,f9bd933217be11ecd84eee615a9e75c1adbdb6716111b832ed5be39f47f66f28,4.059707818685068,"[17.0,7.0,5.5]",3,"[17.0,17.0,5.5]",Event-BSER-phase1b2_corrected,SEARCH,4,"[12.449884414672852,7.610016345977783,2.663438081741333]",False,17.0533119115437,6,2731,281
1,f9bd933217be11ecd84eee615a9e75c1adbdb6716111b832ed5be39f47f66f28,4.059707818685068,"[17.0,7.0,5.5]",3,"[17.0,17.0,5.5]",Event-BSER-phase1b2_corrected,SEARCH,4,"[12.449884414672852,7.610016345977783,2.663438081741333]",False,17.0533119115437,6,2731,282
1,f9bd933217be11ecd84eee615a9e75c1adbdb6716111b832ed5be39f47f66f28,4.059707818685068,"[17.0,7.0,5.5]",3,"[17.0,17.0,5.5]",Event-BSER-phase1b2_corrected,SEARCH,4,"[12.449884414672852,7.610016345977783,2.663438081741333]",False,17.0533119115437,6,2731,283
1,f9bd933217be11ecd84eee615a9e75c1adbdb6716111b832ed5be39f47f66f28,4.059707818685068,"[17.0,7.0,5.5]",3,"[17.0,17.0,5.5]",Event-BSER-phase1b2_corrected,SEARCH,4,"[12.449884414672852,7.610016345977783,2.663438081741333]",False,17.0533119115437,6,2731,284
1,f9bd933217be11ecd84eee615a9e75c1adbdb6716111b832ed5be39f47f66f28,4.059707818685068,"[17.0,7.0,5.5]",3,"[17.0,17.0,5.5]",Event-BSER-phase1b2_corrected,SEARCH,4,"[12.449884414672852,7.610016345977783,2.663438081741333]",False,17.0533119115437,6,2731,285
1,f9bd933217be11ecd84eee615a9e75c1adbdb6716111b832ed5be39f47f66f28,4.059707818685068,"[17.0,7.0,5.5]",3,"[17.0,17.0,5.5]",Event-BSER-phase1b2_corrected,SEARCH,4,"[12.449884414672852,7.610016345977783,2.663438081741333]",False,17.0533119115437,6,2731,286
1,f9bd933217be11ecd84eee615a9e75c1adbdb6716111b832ed5be39f47f66f28,4.059707818685068,"[17.0,7.0,5.5]",3,"[17.0,17.0,5.5]",Event-BSER-phase1b2_corrected,SEARCH,4,"[12.449884414672852,7.610016345977783,2.663438081741333]",False,17.0533119115437,6,2731,287
1,f9bd933217be11ecd84eee615a9e75c1adbdb6716111b832ed5be39f47f66f28,4.059707818685068,"[17.0,7.0,5.5]",3,"[17.0,17.0,5.5]",Event-BSER-phase1b2_corrected,SEARCH,4,"[12.449884414672852,7.610016345977783,2.663438081741333]",False,17.0533119115437,6,2731,288
1,f9bd933217be11ecd84eee615a9e75c1adbdb6716111b832ed5be39f47f66f28,4.059707818685068,"[17.0,7.0,5.5]",3,"[17.0,17.0,5.5]",Event-BSER-phase1b2_corrected,SEARCH,4,"[12.449884414672852,7.610016345977783,2.663438081741333]",False,17.0533119115437,6,2731,289
1,f9bd933217be11ecd84eee615a9e75c1adbdb6716111b832ed5be39f47f66f28,4.059707818685068,"[17.0,7.0,5.5]",3,"[17.0,17.0,5.5]",Event-BSER-phase1b2_corrected,SEARCH,4,"[12.449884414672852,7.610016345977783,2.663438081741333]",False,17.0533119115437,6,2731,290
1,f9bd933217be11ecd84eee615a9e75c1adbdb6716111b832ed5be39f47f66f28,4.059707818685068,"[17.0,7.0,5.5]",3,"[17.0,17.0,5.5]",Event-BSER-phase1b2_corrected,SEARCH,4,"[12.449884414672852,7.610016345977783,2.663438081741333]",False,17.0533119115437,6,2731,291
1,f9bd933217be11ecd84eee615a9e75c1adbdb6716111b832ed5be39f47f66f28,4.059707818685068,"[17.0,7.0,5.5]",3,"[17.0,17.0,5.5]",Event-BSER-phase1b2_corrected,SEARCH,4,"[12.449884414672852,7.610016345977783,2.663438081741333]",False,17.0533119115437,6,2731,292
1,f9bd933217be11ecd84eee615a9e75c1adbdb6716111b832ed5be39f47f66f28,4.059707818685068,"[17.0,7.0,5.5]",3,"[17.0,17.0,5.5]",Event-BSER-phase1b2_corrected,SEARCH,4,"[12.449884414672852,7.610016345977783,2.663438081741333]",False,17.0533119115437,6,2731,293
1,f9bd933217be11ecd84eee615a9e75c1adbdb6716111b832ed5be39f47f66f28,4.059707818685068,"[17.0,7.0,5.5]",3,"[17.0,17.0,5.5]",Event-BSER-phase1b2_corrected,SEARCH,4,"[12.449884414672852,7.610016345977783,2.663438081741333]",False,17.0533119115437,6,2731,294
1,f9bd933217be11ecd84eee615a9e75c1adbdb6716111b832ed5be39f47f66f28,4.059707818685068,"[17.0,7.0,5.5]",3,"[17.0,17.0,5.5]",Event-BSER-phase1b2_corrected,SEARCH,4,"[12.449884414672852,7.610016345977783,2.663438081741333]",False,17.0533119115437,6,2731,295
1,f9bd933217be11ecd84eee615a9e75c1adbdb6716111b832ed5be39f47f66f28,4.059707818685068,"[17.0,7.0,5.5]",3,"[17.0,17.0,5.5]",Event-BSER-phase1b2_corrected,SEARCH,4,"[12.449884414672852,7.610016345977783,2.663438081741333]",False,17.0533119115437,6,2731,296
1,f9bd933217be11ecd84eee615a9e75c1adbdb6716111b832ed5be39f47f66f28,4.059707818685068,"[17.0,7.0,5.5]",3,"[17.0,17.0,5.5]",Event-BSER-phase1b2_corrected,SEARCH,4,"[12.449884414672852,7.610016345977783,2.663438081741333]",False,17.0533119115437,6,2731,297
1,f9bd933217be11ecd84eee615a9e75c1adbdb6716111b832ed5be39f47f66f28,4.059707818685068,"[17.0,7.0,5.5]",3,"[17.0,17.0,5.5]",Event-BSER-phase1b2_corrected,SEARCH,4,"[12.449884414672852,7.610016345977783,2.663438081741333]",False,17.0533119115437,6,2731,298
1,f9bd933217be11ecd84eee615a9e75c1adbdb6716111b832ed5be39f47f66f28,4.059707818685068,"[17.0,7.0,5.5]",3,"[17.0,17.0,5.5]",Event-BSER-phase1b2_corrected,SEARCH,4,"[12.449884414672852,7.610016345977783,2.663438081741333]",False,17.0533119115437,6,2731,299
1,f9bd933217be11ecd84eee615a9e75c1adbdb6716111b832ed5be39f47f66f28,4.059707818685068,"[17.0,7.0,5.5]",3,"[17.0,17.0,5.5]",Event-BSER-phase1b2_corrected,SEARCH,4,"[12.449884414672852,7.610016345977783,2.663438081741333]",False,17.0533119115437,6,2731,300
1,f9bd933217be11ecd84eee615a9e75c1adbdb6716111b832ed5be39f47f66f28,4.059707818685068,"[17.0,7.0,5.5]",3,"[17.0,17.0,5.5]",Event-BSER-phase1b2_corrected,SEARCH,4,"[12.449884414672852,7.610016345977783,2.663438081741333]",False,17.0533119115437,6,2731,301
1,f9bd933217be11ecd84eee615a9e75c1adbdb6716111b832ed5be39f47f66f28,4.059707818685068,"[17.0,7.0,5.5]",3,"[17.0,17.0,5.5]",Event-BSER-phase1b2_corrected,SEARCH,4,"[12.449884414672852,7.610016345977783,2.663438081741333]",False,17.0533119115437,6,2731,302
1,f9bd933217be11ecd84eee615a9e75c1adbdb6716111b832ed5be39f47f66f28,4.059707818685068,"[17.0,7.0,5.5]",3,"[17.0,17.0,5.5]",Event-BSER-phase1b2_corrected,SEARCH,4,"[12.449884414672852,7.610016345977783,2.663438081741333]",False,17.0533119115437,6,2731,303
1,f9bd933217be11ecd84eee615a9e75c1adbdb6716111b832ed5be39f47f66f28,4.059707818685068,"[17.0,7.0,5.5]",3,"[17.0,17.0,5.5]",Event-BSER-phase1b2_corrected,SEARCH,4,"[12.449884414672852,7.610016345977783,2.663438081741333]",False,17.0533119115437,6,2731,304
1,f9bd933217be11ecd84eee615a9e75c1adbdb6716111b832ed5be39f47f66f28,4.059707818685068,"[17.0,7.0,5.5]",3,"[17.0,17.0,5.5]",Event-BSER-phase1b2_corrected,SEARCH,4,"[12.449884414672852,7.610016345977783,2.663438081741333]",False,17.0533119115437,6,2731,305
1,f9bd933217be11ecd84eee615a9e75c1adbdb6716111b832ed5be39f47f66f28,4.059707818685068,"[17.0,7.0,5.5]",3,"[17.0,17.0,5.5]",Event-BSER-phase1b2_corrected,SEARCH,4,"[12.449884414672852,7.610016345977783,2.663438081741333]",False,17.0533119115437,6,2731,306
1,f9bd933217be11ecd84eee615a9e75c1adbdb6716111b832ed5be39f47f66f28,4.059707818685068,"[17.0,7.0,5.5]",3,"[17.0,17.0,5.5]",Event-BSER-phase1b2_corrected,SEARCH,4,"[12.449884414672852,7.610016345977783,2.663438081741333]",False,17.0533119115437,6,2731,307
1,f9bd933217be11ecd84eee615a9e75c1adbdb6716111b832ed5be39f47f66f28,4.059707818685068,"[17.0,7.0,5.5]",3,"[17.0,17.0,5.5]",Event-BSER-phase1b2_corrected,SEARCH,4,"[12.449884414672852,7.610016345977783,2.663438081741333]",False,17.0533119115437,6,2731,308
1,f9bd933217be11ecd84eee615a9e75c1adbdb6716111b832ed5be39f47f66f28,4.059707818685068,"[17.0,7.0,5.5]",3,"[17.0,17.0,5.5]",Event-BSER-phase1b2_corrected,SEARCH,4,"[12.449884414672852,7.610016345977783,2.663438081741333]",False,17.0533119115437,6,2731,309
1,f9bd933217be11ecd84eee615a9e75c1adbdb6716111b832ed5be39f47f66f28,4.059707818685068,"[17.0,7.0,5.5]",3,"[17.0,17.0,5.5]",Event-BSER-phase1b2_corrected,SEARCH,4,"[12.449884414672852,7.610016345977783,2.663438081741333]",False,17.0533119115437,6,2731,310
1,f9bd933217be11ecd84eee615a9e75c1adbdb6716111b832ed5be39f47f66f28,4.059707818685068,"[17.0,7.0,5.5]",3,"[17.0,17.0,5.5]",Event-BSER-phase1b2_corrected,SEARCH,4,"[12.449884414672852,7.610016345977783,2.663438081741333]",False,17.0533119115437,6,2731,311
1,f9bd933217be11ecd84eee615a9e75c1adbdb6716111b832ed5be39f47f66f28,4.059707818685068,"[17.0,7.0,5.5]",3,"[17.0,17.0,5.5]",Event-BSER-phase1b2_corrected,SEARCH,4,"[12.449884414672852,7.610016345977783,2.663438081741333]",False,17.0533119115437,6,2731,312
1,f9bd933217be11ecd84eee615a9e75c1adbdb6716111b832ed5be39f47f66f28,4.059707818685068,"[17.0,7.0,5.5]",3,"[17.0,17.0,5.5]",Event-BSER-phase1b2_corrected,SEARCH,4,"[12.449884414672852,7.610016345977783,2.663438081741333]",False,17.0533119115437,6,2731,313
1,f9bd933217be11ecd84eee615a9e75c1adbdb6716111b832ed5be39f47f66f28,4.059707818685068,"[17.0,7.0,5.5]",3,"[17.0,17.0,5.5]",Event-BSER-phase1b2_corrected,SEARCH,4,"[12.449884414672852,7.610016345977783,2.663438081741333]",False,17.0533119115437,6,2731,314
1,f9bd933217be11ecd84eee615a9e75c1adbdb6716111b832ed5be39f47f66f28,4.059707818685068,"[17.0,7.0,5.5]",3,"[17.0,17.0,5.5]",Event-BSER-phase1b2_corrected,SEARCH,4,"[12.449884414672852,7.610016345977783,2.663438081741333]",False,17.0533119115437,6,2731,315
1,f9bd933217be11ecd84eee615a9e75c1adbdb6716111b832ed5be39f47f66f28,4.059707818685068,"[17.0,7.0,5.5]",3,"[17.0,17.0,5.5]",Event-BSER-phase1b2_corrected,SEARCH,4,"[12.449884414672852,7.610016345977783,2.663438081741333]",False,17.0533119115437,6,2731,316
1,f9bd933217be11ecd84eee615a9e75c1adbdb6716111b832ed5be39f47f66f28,4.059707818685068,"[17.0,7.0,5.5]",3,"[17.0,17.0,5.5]",Event-BSER-phase1b2_corrected,SEARCH,4,"[12.449884414672852,7.610016345977783,2.663438081741333]",False,17.0533119115437,6,2731,317
1,f9bd933217be11ecd84eee615a9e75c1adbdb6716111b832ed5be39f47f66f28,4.059707818685068,"[17.0,7.0,5.5]",3,"[17.0,17.0,5.5]",Event-BSER-phase1b2_corrected,SEARCH,4,"[12.449884414672852,7.610016345977783,2.663438081741333]",False,17.0533119115437,6,2731,318
1,f9bd933217be11ecd84eee615a9e75c1adbdb6716111b832ed5be39f47f66f28,4.059707818685068,"[17.0,7.0,5.5]",3,"[17.0,17.0,5.5]",Event-BSER-phase1b2_corrected,SEARCH,4,"[12.449884414672852,7.610016345977783,2.663438081741333]",False,17.0533119115437,6,2731,319
1,f9bd933217be11ecd84eee615a9e75c1adbdb6716111b832ed5be39f47f66f28,4.059707818685068,"[17.0,7.0,5.5]",3,"[17.0,17.0,5.5]",Event-BSER-phase1b2_corrected,SEARCH,4,"[12.449884414672852,7.610016345977783,2.663438081741333]",False,17.0533119115437,6,2731,320
1,f9bd933217be11ecd84eee615a9e75c1adbdb6716111b832ed5be39f47f66f28,4.059707818685068,"[17.0,7.0,5.5]",3,"[17.0,17.0,5.5]",Event-BSER-phase1b2_corrected,SEARCH,4,"[12.449884414672852,7.610016345977783,2.663438081741333]",False,17.0533119115437,6,2731,321
1,f9bd933217be11ecd84eee615a9e75c1adbdb6716111b832ed5be39f47f66f28,4.059707818685068,"[17.0,7.0,5.5]",3,"[17.0,17.0,5.5]",Event-BSER-phase1b2_corrected,SEARCH,4,"[12.449884414672852,7.610016345977783,2.663438081741333]",False,17.0533119115437,6,2731,322
1,f9bd933217be11ecd84eee615a9e75c1adbdb6716111b832ed5be39f47f66f28,4.059707818685068,"[17.0,7.0,5.5]",3,"[17.0,17.0,5.5]",Event-BSER-phase1b2_corrected,SEARCH,4,"[12.449884414672852,7.610016345977783,2.663438081741333]",False,17.0533119115437,6,2731,323
1,f9bd933217be11ecd84eee615a9e75c1adbdb6716111b832ed5be39f47f66f28,4.059707818685068,"[17.0,7.0,5.5]",3,"[17.0,17.0,5.5]",Event-BSER-phase1b2_corrected,SEARCH,4,"[12.449884414672852,7.610016345977783,2.663438081741333]",False,17.0533119115437,6,2731,324
1,f9bd933217be11ecd84eee615a9e75c1adbdb6716111b832ed5be39f47f66f28,4.059707818685068,"[17.0,7.0,5.5]",3,"[17.0,17.0,5.5]",Event-BSER-phase1b2_corrected,SEARCH,4,"[12.449884414672852,7.610016345977783,2.663438081741333]",False,17.0533119115437,6,2731,325
1,f9bd933217be11ecd84eee615a9e75c1adbdb6716111b832ed5be39f47f66f28,4.059707818685068,"[17.0,7.0,5.5]",3,"[17.0,17.0,5.5]",Event-BSER-phase1b2_corrected,SEARCH,4,"[12.449884414672852,7.610016345977783,2.663438081741333]",False,17.0533119115437,6,2731,326
1,f9bd933217be11ecd84eee615a9e75c1adbdb6716111b832ed5be39f47f66f28,4.059707818685068,"[17.0,7.0,5.5]",3,"[17.0,17.0,5.5]",Event-BSER-phase1b2_corrected,SEARCH,4,"[12.449884414672852,7.610016345977783,2.663438081741333]",False,17.0533119115437,6,2731,327
1,f9bd933217be11ecd84eee615a9e75c1adbdb6716111b832ed5be39f47f66f28,4.059707818685068,"[17.0,7.0,5.5]",3,"[17.0,17.0,5.5]",Event-BSER-phase1b2_corrected,SEARCH,4,"[12.449884414672852,7.610016345977783,2.663438081741333]",False,17.0533119115437,6,2731,328
1,f9bd933217be11ecd84eee615a9e75c1adbdb6716111b832ed5be39f47f66f28,4.059707818685068,"[17.0,7.0,5.5]",3,"[17.0,17.0,5.5]",Event-BSER-phase1b2_corrected,SEARCH,4,"[12.449884414672852,7.610016345977783,2.663438081741333]",False,17.0533119115437,6,2731,329
1,f9bd933217be11ecd84eee615a9e75c1adbdb6716111b832ed5be39f47f66f28,4.059707818685068,"[17.0,7.0,5.5]",3,"[17.0,17.0,5.5]",Event-BSER-phase1b2_corrected,SEARCH,4,"[12.449884414672852,7.610016345977783,2.663438081741333]",False,17.0533119115437,6,2731,330
1,f9bd933217be11ecd84eee615a9e75c1adbdb6716111b832ed5be39f47f66f28,4.059707818685068,"[17.0,7.0,5.5]",3,"[17.0,17.0,5.5]",Event-BSER-phase1b2_corrected,SEARCH,4,"[12.449884414672852,7.610016345977783,2.663438081741333]",False,17.0533119115437,6,2731,331
1,f9bd933217be11ecd84eee615a9e75c1adbdb6716111b832ed5be39f47f66f28,4.059707818685068,"[17.0,7.0,5.5]",3,"[17.0,17.0,5.5]",Event-BSER-phase1b2_corrected,SEARCH,4,"[12.449884414672852,7.610016345977783,2.663438081741333]",False,17.0533119115437,6,2731,332
1,f9bd933217be11ecd84eee615a9e75c1adbdb6716111b832ed5be39f47f66f28,4.059707818685068,"[17.0,7.0,5.5]",3,"[17.0,17.0,5.5]",Event-BSER-phase1b2_corrected,SEARCH,4,"[12.449884414672852,7.610016345977783,2.663438081741333]",False,17.0533119115437,6,2731,333
1,f9bd933217be11ecd84eee615a9e75c1adbdb6716111b832ed5be39f47f66f28,4.059707818685068,"[17.0,7.0,5.5]",3,"[17.0,17.0,5.5]",Event-BSER-phase1b2_corrected,SEARCH,4,"[12.449884414672852,7.610016345977783,2.663438081741333]",False,17.0533119115437,6,2731,334
1,f9bd933217be11ecd84eee615a9e75c1adbdb6716111b832ed5be39f47f66f28,4.059707818685068,"[17.0,7.0,5.5]",3,"[17.0,17.0,5.5]",Event-BSER-phase1b2_corrected,SEARCH,4,"[12.449884414672852,7.610016345977783,2.663438081741333]",False,17.0533119115437,6,2731,335
1,f9bd933217be11ecd84eee615a9e75c1adbdb6716111b832ed5be39f47f66f28,4.059707818685068,"[17.0,7.0,5.5]",3,"[17.0,17.0,5.5]",Event-BSER-phase1b2_corrected,SEARCH,4,"[12.449884414672852,7.610016345977783,2.663438081741333]",False,17.0533119115437,6,2731,336
1,f9bd933217be11ecd84eee615a9e75c1adbdb6716111b832ed5be39f47f66f28,4.059707818685068,"[17.0,7.0,5.5]",3,"[17.0,17.0,5.5]",Event-BSER-phase1b2_corrected,SEARCH,4,"[12.449884414672852,7.610016345977783,2.663438081741333]",False,17.0533119115437,6,2731,337
1,f9bd933217be11ecd84eee615a9e75c1adbdb6716111b832ed5be39f47f66f28,4.059707818685068,"[17.0,7.0,5.5]",3,"[17.0,17.0,5.5]",Event-BSER-phase1b2_corrected,SEARCH,4,"[12.449884414672852,7.610016345977783,2.663438081741333]",False,17.0533119115437,6,2731,338
1,f9bd933217be11ecd84eee615a9e75c1adbdb6716111b832ed5be39f47f66f28,4.059707818685068,"[17.0,7.0,5.5]",3,"[17.0,17.0,5.5]",Event-BSER-phase1b2_corrected,SEARCH,4,"[12.449884414672852,7.610016345977783,2.663438081741333]",False,17.0533119115437,6,2731,339
1,f9bd933217be11ecd84eee615a9e75c1adbdb6716111b832ed5be39f47f66f28,4.059707818685068,"[17.0,7.0,5.5]",3,"[17.0,17.0,5.5]",Event-BSER-phase1b2_corrected,SEARCH,4,"[12.449884414672852,7.610016345977783,2.663438081741333]",False,17.0533119115437,6,2731,340
1,f9bd933217be11ecd84eee615a9e75c1adbdb6716111b832ed5be39f47f66f28,4.059707818685068,"[17.0,7.0,5.5]",3,"[17.0,17.0,5.5]",Event-BSER-phase1b2_corrected,SEARCH,4,"[12.449884414672852,7.610016345977783,2.663438081741333]",False,17.0533119115437,6,2731,341
1,f9bd933217be11ecd84eee615a9e75c1adbdb6716111b832ed5be39f47f66f28,4.059707818685068,"[17.0,7.0,5.5]",3,"[17.0,17.0,5.5]",Event-BSER-phase1b2_corrected,SEARCH,4,"[12.449884414672852,7.610016345977783,2.663438081741333]",False,17.0533119115437,6,2731,342
1,f9bd933217be11ecd84eee615a9e75c1adbdb6716111b832ed5be39f47f66f28,4.059707818685068,"[17.0,7.0,5.5]",3,"[17.0,17.0,5.5]",Event-BSER-phase1b2_corrected,SEARCH,4,"[12.449884414672852,7.610016345977783,2.663438081741333]",False,17.0533119115437,6,2731,343
1,f9bd933217be11ecd84eee615a9e75c1adbdb6716111b832ed5be39f47f66f28,4.059707818685068,"[17.0,7.0,5.5]",3,"[17.0,17.0,5.5]",Event-BSER-phase1b2_corrected,SEARCH,4,"[12.449884414672852,7.610016345977783,2.663438081741333]",False,17.0533119115437,6,2731,344
1,f9bd933217be11ecd84eee615a9e75c1adbdb6716111b832ed5be39f47f66f28,4.059707818685068,"[17.0,7.0,5.5]",3,"[17.0,17.0,5.5]",Event-BSER-phase1b2_corrected,SEARCH,4,"[12.449884414672852,7.610016345977783,2.663438081741333]",False,17.0533119115437,6,2731,345
1,f9bd933217be11ecd84eee615a9e75c1adbdb6716111b832ed5be39f47f66f28,4.059707818685068,"[17.0,7.0,5.5]",3,"[17.0,17.0,5.5]",Event-BSER-phase1b2_corrected,SEARCH,4,"[12.449884414672852,7.610016345977783,2.663438081741333]",False,17.0533119115437,6,2731,346
1,f9bd933217be11ecd84eee615a9e75c1adbdb6716111b832ed5be39f47f66f28,4.059707818685068,"[17.0,7.0,5.5]",3,"[17.0,17.0,5.5]",Event-BSER-phase1b2_corrected,SEARCH,4,"[12.449884414672852,7.610016345977783,2.663438081741333]",False,17.0533119115437,6,2731,347
1,f9bd933217be11ecd84eee615a9e75c1adbdb6716111b832ed5be39f47f66f28,4.059707818685068,"[17.0,7.0,5.5]",3,"[17.0,17.0,5.5]",Event-BSER-phase1b2_corrected,SEARCH,4,"[12.449884414672852,7.610016345977783,2.663438081741333]",False,17.0533119115437,6,2731,348
1,f9bd933217be11ecd84eee615a9e75c1adbdb6716111b832ed5be39f47f66f28,4.059707818685068,"[17.0,7.0,5.5]",3,"[17.0,17.0,5.5]",Event-BSER-phase1b2_corrected,SEARCH,4,"[12.449884414672852,7.610016345977783,2.663438081741333]",False,17.0533119115437,6,2731,349
1,f9bd933217be11ecd84eee615a9e75c1adbdb6716111b832ed5be39f47f66f28,4.059707818685068,"[17.0,7.0,5.5]",3,"[17.0,17.0,5.5]",Event-BSER-phase1b2_corrected,SEARCH,4,"[12.449884414672852,7.610016345977783,2.663438081741333]",False,17.0533119115437,6,2731,350
1,f9bd933217be11ecd84eee615a9e75c1adbdb6716111b832ed5be39f47f66f28,4.059707818685068,"[17.0,7.0,5.5]",3,"[17.0,17.0,5.5]",Event-BSER-phase1b2_corrected,SEARCH,4,"[12.449884414672852,7.610016345977783,2.663438081741333]",False,17.0533119115437,6,2731,351
1,f9bd933217be11ecd84eee615a9e75c1adbdb6716111b832ed5be39f47f66f28,4.059707818685068,"[17.0,7.0,5.5]",3,"[17.0,17.0,5.5]",Event-BSER-phase1b2_corrected,SEARCH,4,"[12.449884414672852,7.610016345977783,2.663438081741333]",False,17.0533119115437,6,2731,352
1,f9bd933217be11ecd84eee615a9e75c1adbdb6716111b832ed5be39f47f66f28,4.059707818685068,"[17.0,7.0,5.5]",3,"[17.0,17.0,5.5]",Event-BSER-phase1b2_corrected,SEARCH,4,"[12.449884414672852,7.610016345977783,2.663438081741333]",False,17.0533119115437,6,2731,353
1,f9bd933217be11ecd84eee615a9e75c1adbdb6716111b832ed5be39f47f66f28,4.059707818685068,"[17.0,7.0,5.5]",3,"[17.0,17.0,5.5]",Event-BSER-phase1b2_corrected,SEARCH,4,"[12.449884414672852,7.610016345977783,2.663438081741333]",False,17.0533119115437,6,2731,354
1,f9bd933217be11ecd84eee615a9e75c1adbdb6716111b832ed5be39f47f66f28,4.059707818685068,"[17.0,7.0,5.5]",3,"[17.0,17.0,5.5]",Event-BSER-phase1b2_corrected,SEARCH,4,"[12.449884414672852,7.610016345977783,2.663438081741333]",False,17.0533119115437,6,2731,355
1,f9bd933217be11ecd84eee615a9e75c1adbdb6716111b832ed5be39f47f66f28,4.059707818685068,"[17.0,7.0,5.5]",3,"[17.0,17.0,5.5]",Event-BSER-phase1b2_corrected,SEARCH,4,"[12.449884414672852,7.610016345977783,2.663438081741333]",False,17.0533119115437,6,2731,356
1,f9bd933217be11ecd84eee615a9e75c1adbdb6716111b832ed5be39f47f66f28,4.059707818685068,"[17.0,7.0,5.5]",3,"[17.0,17.0,5.5]",Event-BSER-phase1b2_corrected,SEARCH,4,"[12.449884414672852,7.610016345977783,2.663438081741333]",False,17.0533119115437,6,2731,357
1,f9bd933217be11ecd84eee615a9e75c1adbdb6716111b832ed5be39f47f66f28,4.059707818685068,"[17.0,7.0,5.5]",3,"[17.0,17.0,5.5]",Event-BSER-phase1b2_corrected,SEARCH,4,"[12.449884414672852,7.610016345977783,2.663438081741333]",False,17.0533119115437,6,2731,358
1,f9bd933217be11ecd84eee615a9e75c1adbdb6716111b832ed5be39f47f66f28,4.059707818685068,"[17.0,7.0,5.5]",3,"[17.0,17.0,5.5]",Event-BSER-phase1b2_corrected,SEARCH,4,"[12.449884414672852,7.610016345977783,2.663438081741333]",False,17.0533119115437,6,2731,359
1,f9bd933217be11ecd84eee615a9e75c1adbdb6716111b832ed5be39f47f66f28,4.059707818685068,"[17.0,7.0,5.5]",3,"[17.0,17.0,5.5]",Event-BSER-phase1b2_corrected,SEARCH,4,"[12.449884414672852,7.610016345977783,2.663438081741333]",False,17.0533119115437,6,2731,360
1,f9bd933217be11ecd84eee615a9e75c1adbdb6716111b832ed5be39f47f66f28,4.059707818685068,"[17.0,7.0,5.5]",3,"[17.0,17.0,5.5]",Event-BSER-phase1b2_corrected,SEARCH,4,"[12.449884414672852,7.610016345977783,2.663438081741333]",False,17.0533119115437,6,2731,361
1,f9bd933217be11ecd84eee615a9e75c1adbdb6716111b832ed5be39f47f66f28,4.059707818685068,"[17.0,7.0,5.5]",3,"[17.0,17.0,5.5]",Event-BSER-phase1b2_corrected,SEARCH,4,"[12.449884414672852,7.610016345977783,2.663438081741333]",False,17.0533119115437,6,2731,362
1,f9bd933217be11ecd84eee615a9e75c1adbdb6716111b832ed5be39f47f66f28,4.059707818685068,"[17.0,7.0,5.5]",3,"[17.0,17.0,5.5]",Event-BSER-phase1b2_corrected,SEARCH,4,"[12.449884414672852,7.610016345977783,2.663438081741333]",False,17.0533119115437,6,2731,363
1,f9bd933217be11ecd84eee615a9e75c1adbdb6716111b832ed5be39f47f66f28,4.059707818685068,"[17.0,7.0,5.5]",3,"[17.0,17.0,5.5]",Event-BSER-phase1b2_corrected,SEARCH,4,"[12.449884414672852,7.610016345977783,2.663438081741333]",False,17.0533119115437,6,2731,364
1,f9bd933217be11ecd84eee615a9e75c1adbdb6716111b832ed5be39f47f66f28,4.059707818685068,"[17.0,7.0,5.5]",3,"[17.0,17.0,5.5]",Event-BSER-phase1b2_corrected,SEARCH,4,"[12.449884414672852,7.610016345977783,2.663438081741333]",False,17.0533119115437,6,2731,365
1,f9bd933217be11ecd84eee615a9e75c1adbdb6716111b832ed5be39f47f66f28,4.059707818685068,"[17.0,7.0,5.5]",3,"[17.0,17.0,5.5]",Event-BSER-phase1b2_corrected,SEARCH,4,"[12.449884414672852,7.610016345977783,2.663438081741333]",False,17.0533119115437,6,2731,366
1,f9bd933217be11ecd84eee615a9e75c1adbdb6716111b832ed5be39f47f66f28,4.059707818685068,"[17.0,7.0,5.5]",3,"[17.0,17.0,5.5]",Event-BSER-phase1b2_corrected,SEARCH,4,"[12.449884414672852,7.610016345977783,2.663438081741333]",False,17.0533119115437,6,2731,367
1,f9bd933217be11ecd84eee615a9e75c1adbdb6716111b832ed5be39f47f66f28,4.059707818685068,"[17.0,7.0,5.5]",3,"[17.0,17.0,5.5]",Event-BSER-phase1b2_corrected,SEARCH,4,"[12.449884414672852,7.610016345977783,2.663438081741333]",False,17.0533119115437,6,2731,368
1,f9bd933217be11ecd84eee615a9e75c1adbdb6716111b832ed5be39f47f66f28,4.059707818685068,"[17.0,7.0,5.5]",3,"[17.0,17.0,5.5]",Event-BSER-phase1b2_corrected,SEARCH,4,"[12.449884414672852,7.610016345977783,2.663438081741333]",False,17.0533119115437,6,2731,369
1,f9bd933217be11ecd84eee615a9e75c1adbdb6716111b832ed5be39f47f66f28,4.059707818685068,"[17.0,7.0,5.5]",3,"[17.0,17.0,5.5]",Event-BSER-phase1b2_corrected,SEARCH,4,"[12.449884414672852,7.610016345977783,2.663438081741333]",False,17.0533119115437,6,2731,370
1,f9bd933217be11ecd84eee615a9e75c1adbdb6716111b832ed5be39f47f66f28,4.059707818685068,"[17.0,7.0,5.5]",3,"[17.0,17.0,5.5]",Event-BSER-phase1b2_corrected,SEARCH,4,"[12.449884414672852,7.610016345977783,2.663438081741333]",False,17.0533119115437,6,2731,371
1,f9bd933217be11ecd84eee615a9e75c1adbdb6716111b832ed5be39f47f66f28,4.059707818685068,"[17.0,7.0,5.5]",3,"[17.0,17.0,5.5]",Event-BSER-phase1b2_corrected,SEARCH,4,"[12.449884414672852,7.610016345977783,2.663438081741333]",False,17.0533119115437,6,2731,372
1,f9bd933217be11ecd84eee615a9e75c1adbdb6716111b832ed5be39f47f66f28,4.059707818685068,"[17.0,7.0,5.5]",3,"[17.0,17.0,5.5]",Event-BSER-phase1b2_corrected,SEARCH,4,"[12.449884414672852,7.610016345977783,2.663438081741333]",False,17.0533119115437,6,2731,373
1,f9bd933217be11ecd84eee615a9e75c1adbdb6716111b832ed5be39f47f66f28,4.059707818685068,"[17.0,7.0,5.5]",3,"[17.0,17.0,5.5]",Event-BSER-phase1b2_corrected,SEARCH,4,"[12.449884414672852,7.610016345977783,2.663438081741333]",False,17.0533119115437,6,2731,374
1,f9bd933217be11ecd84eee615a9e75c1adbdb6716111b832ed5be39f47f66f28,4.059707818685068,"[17.0,7.0,5.5]",3,"[17.0,17.0,5.5]",Event-BSER-phase1b2_corrected,SEARCH,4,"[12.449884414672852,7.610016345977783,2.663438081741333]",False,17.0533119115437,6,2731,375
1,f9bd933217be11ecd84eee615a9e75c1adbdb6716111b832ed5be39f47f66f28,4.059707818685068,"[17.0,7.0,5.5]",3,"[17.0,17.0,5.5]",Event-BSER-phase1b2_corrected,SEARCH,4,"[12.449884414672852,7.610016345977783,2.663438081741333]",False,17.0533119115437,6,2731,376
1,f9bd933217be11ecd84eee615a9e75c1adbdb6716111b832ed5be39f47f66f28,4.059707818685068,"[17.0,7.0,5.5]",3,"[17.0,17.0,5.5]",Event-BSER-phase1b2_corrected,SEARCH,4,"[12.449884414672852,7.610016345977783,2.663438081741333]",False,17.0533119115437,6,2731,377
1,f9bd933217be11ecd84eee615a9e75c1adbdb6716111b832ed5be39f47f66f28,4.059707818685068,"[17.0,7.0,5.5]",3,"[17.0,17.0,5.5]",Event-BSER-phase1b2_corrected,SEARCH,4,"[12.449884414672852,7.610016345977783,2.663438081741333]",False,17.0533119115437,6,2731,378
1,f9bd933217be11ecd84eee615a9e75c1adbdb6716111b832ed5be39f47f66f28,4.059707818685068,"[17.0,7.0,5.5]",3,"[17.0,17.0,5.5]",Event-BSER-phase1b2_corrected,SEARCH,4,"[12.449884414672852,7.610016345977783,2.663438081741333]",False,17.0533119115437,6,2731,379
1,f9bd933217be11ecd84eee615a9e75c1adbdb6716111b832ed5be39f47f66f28,4.059707818685068,"[17.0,7.0,5.5]",3,"[17.0,17.0,5.5]",Event-BSER-phase1b2_corrected,SEARCH,4,"[12.449884414672852,7.610016345977783,2.663438081741333]",False,17.0533119115437,6,2731,380
1,f9bd933217be11ecd84eee615a9e75c1adbdb6716111b832ed5be39f47f66f28,4.059707818685068,"[17.0,7.0,5.5]",3,"[17.0,17.0,5.5]",Event-BSER-phase1b2_corrected,SEARCH,4,"[12.449884414672852,7.610016345977783,2.663438081741333]",False,17.0533119115437,6,2731,381
1,f9bd933217be11ecd84eee615a9e75c1adbdb6716111b832ed5be39f47f66f28,4.059707818685068,"[17.0,7.0,5.5]",3,"[17.0,17.0,5.5]",Event-BSER-phase1b2_corrected,SEARCH,4,"[12.449884414672852,7.610016345977783,2.663438081741333]",False,17.0533119115437,6,2731,382
1,f9bd933217be11ecd84eee615a9e75c1adbdb6716111b832ed5be39f47f66f28,4.059707818685068,"[17.0,7.0,5.5]",3,"[17.0,17.0,5.5]",Event-BSER-phase1b2_corrected,SEARCH,4,"[12.449884414672852,7.610016345977783,2.663438081741333]",False,17.0533119115437,6,2731,383
1,f9bd933217be11ecd84eee615a9e75c1adbdb6716111b832ed5be39f47f66f28,4.059707818685068,"[17.0,7.0,5.5]",3,"[17.0,17.0,5.5]",Event-BSER-phase1b2_corrected,SEARCH,4,"[12.449884414672852,7.610016345977783,2.663438081741333]",False,17.0533119115437,6,2731,384
1,f9bd933217be11ecd84eee615a9e75c1adbdb6716111b832ed5be39f47f66f28,4.059707818685068,"[17.0,7.0,5.5]",3,"[17.0,17.0,5.5]",Event-BSER-phase1b2_corrected,SEARCH,4,"[12.449884414672852,7.610016345977783,2.663438081741333]",False,17.0533119115437,6,2731,385
1,f9bd933217be11ecd84eee615a9e75c1adbdb6716111b832ed5be39f47f66f28,4.059707818685068,"[17.0,7.0,5.5]",3,"[17.0,17.0,5.5]",Event-BSER-phase1b2_corrected,SEARCH,4,"[12.449884414672852,7.610016345977783,2.663438081741333]",False,17.0533119115437,6,2731,386
1,f9bd933217be11ecd84eee615a9e75c1adbdb6716111b832ed5be39f47f66f28,4.059707818685068,"[17.0,7.0,5.5]",3,"[17.0,17.0,5.5]",Event-BSER-phase1b2_corrected,SEARCH,4,"[12.449884414672852,7.610016345977783,2.663438081741333]",False,17.0533119115437,6,2731,387
1,f9bd933217be11ecd84eee615a9e75c1adbdb6716111b832ed5be39f47f66f28,4.059707818685068,"[17.0,7.0,5.5]",3,"[17.0,17.0,5.5]",Event-BSER-phase1b2_corrected,SEARCH,4,"[12.449884414672852,7.610016345977783,2.663438081741333]",False,17.0533119115437,6,2731,388
1,f9bd933217be11ecd84eee615a9e75c1adbdb6716111b832ed5be39f47f66f28,4.059707818685068,"[17.0,7.0,5.5]",3,"[17.0,17.0,5.5]",Event-BSER-phase1b2_corrected,SEARCH,4,"[12.449884414672852,7.610016345977783,2.663438081741333]",False,17.0533119115437,6,2731,389
1,f9bd933217be11ecd84eee615a9e75c1adbdb6716111b832ed5be39f47f66f28,4.059707818685068,"[17.0,7.0,5.5]",3,"[17.0,17.0,5.5]",Event-BSER-phase1b2_corrected,SEARCH,4,"[12.449884414672852,7.610016345977783,2.663438081741333]",False,17.0533119115437,6,2731,390
1,f9bd933217be11ecd84eee615a9e75c1adbdb6716111b832ed5be39f47f66f28,4.059707818685068,"[17.0,7.0,5.5]",3,"[17.0,17.0,5.5]",Event-BSER-phase1b2_corrected,SEARCH,4,"[12.449884414672852,7.610016345977783,2.663438081741333]",False,17.0533119115437,6,2731,391
1,f9bd933217be11ecd84eee615a9e75c1adbdb6716111b832ed5be39f47f66f28,4.059707818685068,"[17.0,7.0,5.5]",3,"[17.0,17.0,5.5]",Event-BSER-phase1b2_corrected,SEARCH,4,"[12.449884414672852,7.610016345977783,2.663438081741333]",False,17.0533119115437,6,2731,392
1,f9bd933217be11ecd84eee615a9e75c1adbdb6716111b832ed5be39f47f66f28,4.059707818685068,"[17.0,7.0,5.5]",3,"[17.0,17.0,5.5]",Event-BSER-phase1b2_corrected,SEARCH,4,"[12.449884414672852,7.610016345977783,2.663438081741333]",False,17.0533119115437,6,2731,393
1,f9bd933217be11ecd84eee615a9e75c1adbdb6716111b832ed5be39f47f66f28,4.059707818685068,"[17.0,7.0,5.5]",3,"[17.0,17.0,5.5]",Event-BSER-phase1b2_corrected,SEARCH,4,"[12.449884414672852,7.610016345977783,2.663438081741333]",False,17.0533119115437,6,2731,394
1,f9bd933217be11ecd84eee615a9e75c1adbdb6716111b832ed5be39f47f66f28,4.059707818685068,"[17.0,7.0,5.5]",3,"[17.0,17.0,5.5]",Event-BSER-phase1b2_corrected,SEARCH,4,"[12.449884414672852,7.610016345977783,2.663438081741333]",False,17.0533119115437,6,2731,395
1,f9bd933217be11ecd84eee615a9e75c1adbdb6716111b832ed5be39f47f66f28,4.059707818685068,"[17.0,7.0,5.5]",3,"[17.0,17.0,5.5]",Event-BSER-phase1b2_corrected,SEARCH,4,"[12.449884414672852,7.610016345977783,2.663438081741333]",False,17.0533119115437,6,2731,396
1,f9bd933217be11ecd84eee615a9e75c1adbdb6716111b832ed5be39f47f66f28,4.059707818685068,"[17.0,7.0,5.5]",3,"[17.0,17.0,5.5]",Event-BSER-phase1b2_corrected,SEARCH,4,"[12.449884414672852,7.610016345977783,2.663438081741333]",False,17.0533119115437,6,2731,397
1,f9bd933217be11ecd84eee615a9e75c1adbdb6716111b832ed5be39f47f66f28,4.059707818685068,"[17.0,7.0,5.5]",3,"[17.0,17.0,5.5]",Event-BSER-phase1b2_corrected,SEARCH,4,"[12.449884414672852,7.610016345977783,2.663438081741333]",False,17.0533119115437,6,2731,398
1,f9bd933217be11ecd84eee615a9e75c1adbdb6716111b832ed5be39f47f66f28,4.059707818685068,"[17.0,7.0,5.5]",3,"[17.0,17.0,5.5]",Event-BSER-phase1b2_corrected,SEARCH,4,"[12.449884414672852,7.610016345977783,2.663438081741333]",False,17.0533119115437,6,2731,399
1,f9bd933217be11ecd84eee615a9e75c1adbdb6716111b832ed5be39f47f66f28,4.059707818685068,"[17.0,7.0,5.5]",3,"[17.0,17.0,5.5]",Event-BSER-phase1b2_corrected,SEARCH,4,"[12.449884414672852,7.610016345977783,2.663438081741333]",False,17.0533119115437,6,2731,400
