scenario_id,episode_index,scenario_seed,found,success,contact,found_step,remaining_steps,executor_x_at_found,executor_y_at_found,executor_z_at_found,target_x_at_found,target_y_at_found,target_z_at_found,executor_target_distance_3d_at_found,executor_target_distance_xy_at_found,executor_target_abs_dz_at_found,target_speed_at_found,handoff_step,executor_received_target_step,handoff_delay_steps,executor_receive_delay,first_contact_step,found_to_contact_steps,source_handoff_delay,distance_source,handoff_step_source
unknown_validation_m20_0002,1,1730,True,True,True,25,375,NA,NA,NA,NA,NA,NA,9.173139941336656,NA,NA,NA,25,26,0,1,217,192,1.0,executor_distance_to_target_at_found,derived_runtime_publish_equals_found
unknown_validation_m20_0004,3,1732,True,False,False,80,320,NA,NA,NA,NA,NA,NA,6.4945215289407585,NA,NA,NA,80,81,0,1,NA,NA,1.0,executor_distance_to_target_at_found,derived_runtime_publish_equals_found
unknown_validation_m20_0005,4,1733,True,False,False,355,45,NA,NA,NA,NA,NA,NA,5.537329148199615,NA,NA,NA,355,356,0,1,NA,NA,1.0,executor_distance_to_target_at_found,derived_runtime_publish_equals_found
unknown_validation_m20_0008,7,1736,True,False,False,24,376,NA,NA,NA,NA,NA,NA,4.843445548474307,NA,NA,NA,24,25,0,1,NA,NA,1.0,executor_distance_to_target_at_found,derived_runtime_publish_equals_found
unknown_validation_m20_0010,9,1738,True,True,True,241,159,NA,NA,NA,NA,NA,NA,2.9278672572674536,NA,NA,NA,241,242,0,1,331,90,1.0,executor_distance_to_target_at_found,derived_runtime_publish_equals_found
unknown_validation_m20_0012,11,1740,True,True,True,24,376,NA,NA,NA,NA,NA,NA,9.43313568621558,NA,NA,NA,24,25,0,1,152,128,1.0,executor_distance_to_target_at_found,derived_runtime_publish_equals_found
unknown_validation_m20_0013,12,1741,True,True,True,56,344,NA,NA,NA,NA,NA,NA,3.415080560601673,NA,NA,NA,56,57,0,1,149,93,1.0,executor_distance_to_target_at_found,derived_runtime_publish_equals_found
unknown_validation_m20_0015,14,1743,True,True,True,199,201,NA,NA,NA,NA,NA,NA,7.204041021581582,NA,NA,NA,199,200,0,1,255,56,1.0,executor_distance_to_target_at_found,derived_runtime_publish_equals_found
unknown_validation_m20_0016,15,1744,True,False,False,1,399,NA,NA,NA,NA,NA,NA,9.301583944813641,NA,NA,NA,1,2,0,1,NA,NA,1.0,executor_distance_to_target_at_found,derived_runtime_publish_equals_found
unknown_validation_m20_0019,18,1747,True,True,True,1,399,NA,NA,NA,NA,NA,NA,18.5988903523373,NA,NA,NA,1,2,0,1,204,203,1.0,executor_distance_to_target_at_found,derived_runtime_publish_equals_found
unknown_validation_m20_0020,19,1748,True,True,True,22,378,NA,NA,NA,NA,NA,NA,4.80877176556799,NA,NA,NA,22,23,0,1,114,92,1.0,executor_distance_to_target_at_found,derived_runtime_publish_equals_found
unknown_validation_m20_0021,20,1749,True,False,False,351,49,NA,NA,NA,NA,NA,NA,11.147048195988416,NA,NA,NA,351,352,0,1,NA,NA,1.0,executor_distance_to_target_at_found,derived_runtime_publish_equals_found
unknown_validation_m20_0022,21,1750,True,False,False,269,131,NA,NA,NA,NA,NA,NA,10.861796921573768,NA,NA,NA,269,270,0,1,NA,NA,1.0,executor_distance_to_target_at_found,derived_runtime_publish_equals_found
unknown_validation_m20_0024,23,1752,True,True,True,37,363,NA,NA,NA,NA,NA,NA,6.507116383548367,NA,NA,NA,37,38,0,1,238,201,1.0,executor_distance_to_target_at_found,derived_runtime_publish_equals_found
unknown_validation_m20_0025,24,1753,True,True,True,51,349,NA,NA,NA,NA,NA,NA,11.209948294073486,NA,NA,NA,51,52,0,1,332,281,1.0,executor_distance_to_target_at_found,derived_runtime_publish_equals_found
unknown_validation_m20_0030,29,1758,True,True,True,57,343,NA,NA,NA,NA,NA,NA,8.086442184692217,NA,NA,NA,57,58,0,1,207,150,1.0,executor_distance_to_target_at_found,derived_runtime_publish_equals_found
unknown_validation_m20_0034,33,1762,True,False,False,297,103,NA,NA,NA,NA,NA,NA,9.691062959969134,NA,NA,NA,297,298,0,1,NA,NA,1.0,executor_distance_to_target_at_found,derived_runtime_publish_equals_found
unknown_validation_m20_0035,34,1763,True,False,False,1,399,NA,NA,NA,NA,NA,NA,10.160632667511875,NA,NA,NA,1,2,0,1,NA,NA,1.0,executor_distance_to_target_at_found,derived_runtime_publish_equals_found
unknown_validation_m20_0036,35,1764,True,True,True,338,62,NA,NA,NA,NA,NA,NA,3.5394875435676805,NA,NA,NA,338,339,0,1,372,34,1.0,executor_distance_to_target_at_found,derived_runtime_publish_equals_found
unknown_validation_m20_0037,36,1765,True,True,True,38,362,NA,NA,NA,NA,NA,NA,3.6779996090723825,NA,NA,NA,38,39,0,1,69,31,1.0,executor_distance_to_target_at_found,derived_runtime_publish_equals_found
unknown_validation_m20_0038,37,1766,True,True,True,17,383,NA,NA,NA,NA,NA,NA,7.102695990039201,NA,NA,NA,17,18,0,1,75,58,1.0,executor_distance_to_target_at_found,derived_runtime_publish_equals_found
unknown_validation_m20_0040,39,1768,True,False,False,139,261,NA,NA,NA,NA,NA,NA,9.90999122521166,NA,NA,NA,139,140,0,1,NA,NA,1.0,executor_distance_to_target_at_found,derived_runtime_publish_equals_found
unknown_validation_m20_0041,40,1769,True,True,True,95,305,NA,NA,NA,NA,NA,NA,5.071790427219306,NA,NA,NA,95,96,0,1,134,39,1.0,executor_distance_to_target_at_found,derived_runtime_publish_equals_found
unknown_validation_m20_0043,42,1771,True,True,True,115,285,NA,NA,NA,NA,NA,NA,4.4661933464479215,NA,NA,NA,115,116,0,1,174,59,1.0,executor_distance_to_target_at_found,derived_runtime_publish_equals_found
unknown_validation_m20_0045,44,1773,True,True,True,1,399,NA,NA,NA,NA,NA,NA,15.429785519719461,NA,NA,NA,1,2,0,1,243,242,1.0,executor_distance_to_target_at_found,derived_runtime_publish_equals_found
unknown_validation_m20_0048,47,1776,True,True,True,46,354,NA,NA,NA,NA,NA,NA,6.983572064858381,NA,NA,NA,46,47,0,1,96,50,1.0,executor_distance_to_target_at_found,derived_runtime_publish_equals_found
unknown_validation_m20_0049,48,1777,True,False,False,265,135,NA,NA,NA,NA,NA,NA,7.048460594354138,NA,NA,NA,265,266,0,1,NA,NA,1.0,executor_distance_to_target_at_found,derived_runtime_publish_equals_found
unknown_validation_m20_0050,49,1778,True,True,True,1,399,NA,NA,NA,NA,NA,NA,12.92223614669321,NA,NA,NA,1,2,0,1,278,277,1.0,executor_distance_to_target_at_found,derived_runtime_publish_equals_found
unknown_validation_m20_0051,50,1779,True,False,False,398,2,NA,NA,NA,NA,NA,NA,7.559579280539819,NA,NA,NA,398,399,0,1,NA,NA,1.0,executor_distance_to_target_at_found,derived_runtime_publish_equals_found
unknown_validation_m20_0053,52,1781,True,True,True,159,241,NA,NA,NA,NA,NA,NA,11.231980974353467,NA,NA,NA,159,160,0,1,264,105,1.0,executor_distance_to_target_at_found,derived_runtime_publish_equals_found
unknown_validation_m20_0054,53,1782,True,False,False,369,31,NA,NA,NA,NA,NA,NA,5.0038879873553554,NA,NA,NA,369,370,0,1,NA,NA,1.0,executor_distance_to_target_at_found,derived_runtime_publish_equals_found
unknown_validation_m20_0055,54,1783,True,True,True,73,327,NA,NA,NA,NA,NA,NA,7.594854916914961,NA,NA,NA,73,74,0,1,174,101,1.0,executor_distance_to_target_at_found,derived_runtime_publish_equals_found
unknown_validation_m20_0058,57,1786,True,True,True,321,79,NA,NA,NA,NA,NA,NA,4.377949364848172,NA,NA,NA,321,322,0,1,344,23,1.0,executor_distance_to_target_at_found,derived_runtime_publish_equals_found
unknown_validation_m20_0059,58,1787,True,True,True,48,352,NA,NA,NA,NA,NA,NA,5.232316486744897,NA,NA,NA,48,49,0,1,87,39,1.0,executor_distance_to_target_at_found,derived_runtime_publish_equals_found
unknown_validation_m20_0061,60,1789,True,True,True,43,357,NA,NA,NA,NA,NA,NA,0.666798523428683,NA,NA,NA,43,44,0,1,44,1,1.0,executor_distance_to_target_at_found,derived_runtime_publish_equals_found
unknown_validation_m20_0062,61,1790,True,True,True,81,319,NA,NA,NA,NA,NA,NA,2.208170605259936,NA,NA,NA,81,82,0,1,103,22,1.0,executor_distance_to_target_at_found,derived_runtime_publish_equals_found
unknown_validation_m20_0063,62,1791,True,False,False,362,38,NA,NA,NA,NA,NA,NA,6.021684863481797,NA,NA,NA,362,363,0,1,NA,NA,1.0,executor_distance_to_target_at_found,derived_runtime_publish_equals_found
unknown_validation_m20_0064,63,1792,True,True,True,22,378,NA,NA,NA,NA,NA,NA,5.543299280847095,NA,NA,NA,22,23,0,1,43,21,1.0,executor_distance_to_target_at_found,derived_runtime_publish_equals_found
unknown_validation_m20_0065,64,1793,True,True,True,3,397,NA,NA,NA,NA,NA,NA,8.555596270268483,NA,NA,NA,3,4,0,1,269,266,1.0,executor_distance_to_target_at_found,derived_runtime_publish_equals_found
unknown_validation_m20_0066,65,1794,True,True,True,71,329,NA,NA,NA,NA,NA,NA,4.943591460561078,NA,NA,NA,71,72,0,1,106,35,1.0,executor_distance_to_target_at_found,derived_runtime_publish_equals_found
unknown_validation_m20_0069,68,1797,True,False,False,4,396,NA,NA,NA,NA,NA,NA,13.641818900019384,NA,NA,NA,4,5,0,1,NA,NA,1.0,executor_distance_to_target_at_found,derived_runtime_publish_equals_found
unknown_validation_m20_0073,72,1801,True,False,False,108,292,NA,NA,NA,NA,NA,NA,3.2927055253899193,NA,NA,NA,108,109,0,1,NA,NA,1.0,executor_distance_to_target_at_found,derived_runtime_publish_equals_found
unknown_validation_m20_0078,77,1806,True,False,False,30,370,NA,NA,NA,NA,NA,NA,2.6891074785494116,NA,NA,NA,30,31,0,1,NA,NA,1.0,executor_distance_to_target_at_found,derived_runtime_publish_equals_found
unknown_validation_m20_0081,80,1809,True,False,False,219,181,NA,NA,NA,NA,NA,NA,6.066189915914611,NA,NA,NA,219,220,0,1,NA,NA,1.0,executor_distance_to_target_at_found,derived_runtime_publish_equals_found
unknown_validation_m20_0082,81,1810,True,True,True,1,399,NA,NA,NA,NA,NA,NA,5.92689043546781,NA,NA,NA,1,2,0,1,223,222,1.0,executor_distance_to_target_at_found,derived_runtime_publish_equals_found
unknown_validation_m20_0083,82,1811,True,True,True,24,376,NA,NA,NA,NA,NA,NA,2.9242920976238165,NA,NA,NA,24,25,0,1,319,295,1.0,executor_distance_to_target_at_found,derived_runtime_publish_equals_found
unknown_validation_m20_0084,83,1812,True,True,True,40,360,NA,NA,NA,NA,NA,NA,1.3115681621122892,NA,NA,NA,40,41,0,1,262,222,1.0,executor_distance_to_target_at_found,derived_runtime_publish_equals_found
unknown_validation_m20_0086,85,1814,True,False,False,208,192,NA,NA,NA,NA,NA,NA,7.088023983999288,NA,NA,NA,208,209,0,1,NA,NA,1.0,executor_distance_to_target_at_found,derived_runtime_publish_equals_found
unknown_validation_m20_0087,86,1815,True,True,True,1,399,NA,NA,NA,NA,NA,NA,6.7876215744296235,NA,NA,NA,1,2,0,1,105,104,1.0,executor_distance_to_target_at_found,derived_runtime_publish_equals_found
unknown_validation_m20_0088,87,1816,True,True,True,282,118,NA,NA,NA,NA,NA,NA,2.86463888657627,NA,NA,NA,282,283,0,1,295,13,1.0,executor_distance_to_target_at_found,derived_runtime_publish_equals_found
unknown_validation_m20_0089,88,1817,True,False,False,208,192,NA,NA,NA,NA,NA,NA,5.951171676899356,NA,NA,NA,208,209,0,1,NA,NA,1.0,executor_distance_to_target_at_found,derived_runtime_publish_equals_found
unknown_validation_m20_0090,89,1818,True,False,False,241,159,NA,NA,NA,NA,NA,NA,11.64846896539492,NA,NA,NA,241,242,0,1,NA,NA,1.0,executor_distance_to_target_at_found,derived_runtime_publish_equals_found
unknown_validation_m20_0097,96,1825,True,False,False,321,79,NA,NA,NA,NA,NA,NA,6.891696114827289,NA,NA,NA,321,322,0,1,NA,NA,1.0,executor_distance_to_target_at_found,derived_runtime_publish_equals_found
unknown_validation_m20_0098,97,1826,True,False,False,234,166,NA,NA,NA,NA,NA,NA,7.321193212455294,NA,NA,NA,234,235,0,1,NA,NA,1.0,executor_distance_to_target_at_found,derived_runtime_publish_equals_found
unknown_validation_m20_0100,99,1828,True,False,False,37,363,NA,NA,NA,NA,NA,NA,3.4641338790104004,NA,NA,NA,37,38,0,1,NA,NA,1.0,executor_distance_to_target_at_found,derived_runtime_publish_equals_found
