run,method,population,episode_key,scenario_id,scenario_seed,environment_innovation_seed,bucket,found,success,found_step,terminal_step,first_collision_phase,first_collision_agent_ids,pre_found_exposure_steps,completed_collision_free_search_steps,stagnant_steps,effective_search_steps
B0_search_prior_eval100_seed12729_v1,B0,validation_evaluation,unknown_validation_m20_0001|12729,unknown_validation_m20_0001,12729,12729,not_found_timeout,False,False,,400,,[],400,400,,
B0_search_prior_eval100_seed12729_v1,B0,validation_evaluation,unknown_validation_m20_0002|12730,unknown_validation_m20_0002,12730,12730,found_timeout,True,False,207,400,,[],207,207,,
B0_search_prior_eval100_seed12729_v1,B0,validation_evaluation,unknown_validation_m20_0003|12731,unknown_validation_m20_0003,12731,12731,found_success,True,True,52,279,,[],52,52,,
B0_search_prior_eval100_seed12729_v1,B0,validation_evaluation,unknown_validation_m20_0004|12732,unknown_validation_m20_0004,12732,12732,not_found_collision,False,False,,18,Search,[0],18,17,,
B0_search_prior_eval100_seed12729_v1,B0,validation_evaluation,unknown_validation_m20_0005|12733,unknown_validation_m20_0005,12733,12733,found_timeout,True,False,64,400,,[],64,64,,
B0_search_prior_eval100_seed12729_v1,B0,validation_evaluation,unknown_validation_m20_0006|12734,unknown_validation_m20_0006,12734,12734,not_found_timeout,False,False,,400,,[],400,400,,
B0_search_prior_eval100_seed12729_v1,B0,validation_evaluation,unknown_validation_m20_0007|12735,unknown_validation_m20_0007,12735,12735,not_found_collision,False,False,,17,Search,[1],17,16,,
B0_search_prior_eval100_seed12729_v1,B0,validation_evaluation,unknown_validation_m20_0008|12736,unknown_validation_m20_0008,12736,12736,not_found_collision,False,False,,44,Search,[1],44,43,,
B0_search_prior_eval100_seed12729_v1,B0,validation_evaluation,unknown_validation_m20_0009|12737,unknown_validation_m20_0009,12737,12737,not_found_collision,False,False,,364,Search,[1],364,363,,
B0_search_prior_eval100_seed12729_v1,B0,validation_evaluation,unknown_validation_m20_0010|12738,unknown_validation_m20_0010,12738,12738,not_found_collision,False,False,,19,Search,[2],19,18,,
B0_search_prior_eval100_seed12729_v1,B0,validation_evaluation,unknown_validation_m20_0011|12739,unknown_validation_m20_0011,12739,12739,found_timeout,True,False,281,400,,[],281,281,,
B0_search_prior_eval100_seed12729_v1,B0,validation_evaluation,unknown_validation_m20_0012|12740,unknown_validation_m20_0012,12740,12740,not_found_timeout,False,False,,400,,[],400,400,,
B0_search_prior_eval100_seed12729_v1,B0,validation_evaluation,unknown_validation_m20_0013|12741,unknown_validation_m20_0013,12741,12741,found_timeout,True,False,14,400,,[],14,14,,
B0_search_prior_eval100_seed12729_v1,B0,validation_evaluation,unknown_validation_m20_0014|12742,unknown_validation_m20_0014,12742,12742,found_success,True,True,70,353,,[],70,70,,
B0_search_prior_eval100_seed12729_v1,B0,validation_evaluation,unknown_validation_m20_0015|12743,unknown_validation_m20_0015,12743,12743,found_timeout,True,False,108,400,,[],108,108,,
B0_search_prior_eval100_seed12729_v1,B0,validation_evaluation,unknown_validation_m20_0016|12744,unknown_validation_m20_0016,12744,12744,not_found_collision,False,False,,55,Search,[1],55,54,,
B0_search_prior_eval100_seed12729_v1,B0,validation_evaluation,unknown_validation_m20_0017|12745,unknown_validation_m20_0017,12745,12745,not_found_timeout,False,False,,400,,[],400,400,,
B0_search_prior_eval100_seed12729_v1,B0,validation_evaluation,unknown_validation_m20_0018|12746,unknown_validation_m20_0018,12746,12746,not_found_collision,False,False,,232,Search,[2],232,231,,
B0_search_prior_eval100_seed12729_v1,B0,validation_evaluation,unknown_validation_m20_0019|12747,unknown_validation_m20_0019,12747,12747,not_found_collision,False,False,,54,Search,[3],54,53,,
B0_search_prior_eval100_seed12729_v1,B0,validation_evaluation,unknown_validation_m20_0020|12748,unknown_validation_m20_0020,12748,12748,not_found_collision,False,False,,12,Search,[0],12,11,,
B0_search_prior_eval100_seed12729_v1,B0,validation_evaluation,unknown_validation_m20_0021|12749,unknown_validation_m20_0021,12749,12749,found_timeout,True,False,1,400,,[],1,1,,
B0_search_prior_eval100_seed12729_v1,B0,validation_evaluation,unknown_validation_m20_0022|12750,unknown_validation_m20_0022,12750,12750,not_found_timeout,False,False,,400,,[],400,400,,
B0_search_prior_eval100_seed12729_v1,B0,validation_evaluation,unknown_validation_m20_0023|12751,unknown_validation_m20_0023,12751,12751,found_timeout,True,False,23,400,,[],23,23,,
B0_search_prior_eval100_seed12729_v1,B0,validation_evaluation,unknown_validation_m20_0024|12752,unknown_validation_m20_0024,12752,12752,not_found_collision,False,False,,33,Search,[2],33,32,,
B0_search_prior_eval100_seed12729_v1,B0,validation_evaluation,unknown_validation_m20_0025|12753,unknown_validation_m20_0025,12753,12753,not_found_collision,False,False,,98,Search,[0],98,97,,
B0_search_prior_eval100_seed12729_v1,B0,validation_evaluation,unknown_validation_m20_0026|12754,unknown_validation_m20_0026,12754,12754,found_timeout,True,False,66,400,,[],66,66,,
B0_search_prior_eval100_seed12729_v1,B0,validation_evaluation,unknown_validation_m20_0027|12755,unknown_validation_m20_0027,12755,12755,found_timeout,True,False,281,400,,[],281,281,,
B0_search_prior_eval100_seed12729_v1,B0,validation_evaluation,unknown_validation_m20_0028|12756,unknown_validation_m20_0028,12756,12756,found_success,True,True,42,47,,[],42,42,,
B0_search_prior_eval100_seed12729_v1,B0,validation_evaluation,unknown_validation_m20_0029|12757,unknown_validation_m20_0029,12757,12757,not_found_timeout,False,False,,400,,[],400,400,,
B0_search_prior_eval100_seed12729_v1,B0,validation_evaluation,unknown_validation_m20_0030|12758,unknown_validation_m20_0030,12758,12758,not_found_collision,False,False,,371,Search,[0],371,370,,
B0_search_prior_eval100_seed12729_v1,B0,validation_evaluation,unknown_validation_m20_0031|12759,unknown_validation_m20_0031,12759,12759,not_found_collision,False,False,,41,Search,[2],41,40,,
B0_search_prior_eval100_seed12729_v1,B0,validation_evaluation,unknown_validation_m20_0032|12760,unknown_validation_m20_0032,12760,12760,not_found_timeout,False,False,,400,,[],400,400,,
B0_search_prior_eval100_seed12729_v1,B0,validation_evaluation,unknown_validation_m20_0033|12761,unknown_validation_m20_0033,12761,12761,not_found_timeout,False,False,,400,,[],400,400,,
B0_search_prior_eval100_seed12729_v1,B0,validation_evaluation,unknown_validation_m20_0034|12762,unknown_validation_m20_0034,12762,12762,found_timeout,True,False,63,400,,[],63,63,,
B0_search_prior_eval100_seed12729_v1,B0,validation_evaluation,unknown_validation_m20_0035|12763,unknown_validation_m20_0035,12763,12763,found_timeout,True,False,3,400,,[],3,3,,
B0_search_prior_eval100_seed12729_v1,B0,validation_evaluation,unknown_validation_m20_0036|12764,unknown_validation_m20_0036,12764,12764,not_found_collision,False,False,,150,Search,[0],150,149,,
B0_search_prior_eval100_seed12729_v1,B0,validation_evaluation,unknown_validation_m20_0037|12765,unknown_validation_m20_0037,12765,12765,not_found_timeout,False,False,,400,,[],400,400,,
B0_search_prior_eval100_seed12729_v1,B0,validation_evaluation,unknown_validation_m20_0038|12766,unknown_validation_m20_0038,12766,12766,found_success,True,True,12,289,,[],12,12,,
B0_search_prior_eval100_seed12729_v1,B0,validation_evaluation,unknown_validation_m20_0039|12767,unknown_validation_m20_0039,12767,12767,not_found_collision,False,False,,57,Search,[1],57,56,,
B0_search_prior_eval100_seed12729_v1,B0,validation_evaluation,unknown_validation_m20_0040|12768,unknown_validation_m20_0040,12768,12768,not_found_collision,False,False,,17,Search,[2],17,16,,
B0_search_prior_eval100_seed12729_v1,B0,validation_evaluation,unknown_validation_m20_0041|12769,unknown_validation_m20_0041,12769,12769,not_found_collision,False,False,,14,Search,[2],14,13,,
B0_search_prior_eval100_seed12729_v1,B0,validation_evaluation,unknown_validation_m20_0042|12770,unknown_validation_m20_0042,12770,12770,not_found_timeout,False,False,,400,,[],400,400,,
B0_search_prior_eval100_seed12729_v1,B0,validation_evaluation,unknown_validation_m20_0043|12771,unknown_validation_m20_0043,12771,12771,not_found_timeout,False,False,,400,,[],400,400,,
B0_search_prior_eval100_seed12729_v1,B0,validation_evaluation,unknown_validation_m20_0044|12772,unknown_validation_m20_0044,12772,12772,not_found_collision,False,False,,14,Search,[1],14,13,,
B0_search_prior_eval100_seed12729_v1,B0,validation_evaluation,unknown_validation_m20_0045|12773,unknown_validation_m20_0045,12773,12773,not_found_collision,False,False,,138,Search,[2],138,137,,
B0_search_prior_eval100_seed12729_v1,B0,validation_evaluation,unknown_validation_m20_0046|12774,unknown_validation_m20_0046,12774,12774,found_timeout,True,False,1,400,,[],1,1,,
B0_search_prior_eval100_seed12729_v1,B0,validation_evaluation,unknown_validation_m20_0047|12775,unknown_validation_m20_0047,12775,12775,not_found_collision,False,False,,243,Search,[0],243,242,,
B0_search_prior_eval100_seed12729_v1,B0,validation_evaluation,unknown_validation_m20_0048|12776,unknown_validation_m20_0048,12776,12776,not_found_collision,False,False,,14,Search,[0],14,13,,
B0_search_prior_eval100_seed12729_v1,B0,validation_evaluation,unknown_validation_m20_0049|12777,unknown_validation_m20_0049,12777,12777,found_timeout,True,False,286,400,,[],286,286,,
B0_search_prior_eval100_seed12729_v1,B0,validation_evaluation,unknown_validation_m20_0050|12778,unknown_validation_m20_0050,12778,12778,found_timeout,True,False,21,400,,[],21,21,,
B0_search_prior_eval100_seed12729_v1,B0,validation_evaluation,unknown_validation_m20_0051|12779,unknown_validation_m20_0051,12779,12779,not_found_timeout,False,False,,400,,[],400,400,,
B0_search_prior_eval100_seed12729_v1,B0,validation_evaluation,unknown_validation_m20_0052|12780,unknown_validation_m20_0052,12780,12780,not_found_collision,False,False,,58,Search,[0],58,57,,
B0_search_prior_eval100_seed12729_v1,B0,validation_evaluation,unknown_validation_m20_0053|12781,unknown_validation_m20_0053,12781,12781,not_found_collision,False,False,,32,Search,[2],32,31,,
B0_search_prior_eval100_seed12729_v1,B0,validation_evaluation,unknown_validation_m20_0054|12782,unknown_validation_m20_0054,12782,12782,not_found_timeout,False,False,,400,,[],400,400,,
B0_search_prior_eval100_seed12729_v1,B0,validation_evaluation,unknown_validation_m20_0055|12783,unknown_validation_m20_0055,12783,12783,not_found_timeout,False,False,,400,,[],400,400,,
B0_search_prior_eval100_seed12729_v1,B0,validation_evaluation,unknown_validation_m20_0056|12784,unknown_validation_m20_0056,12784,12784,not_found_collision,False,False,,236,Search,[0],236,235,,
B0_search_prior_eval100_seed12729_v1,B0,validation_evaluation,unknown_validation_m20_0057|12785,unknown_validation_m20_0057,12785,12785,not_found_timeout,False,False,,400,,[],400,400,,
B0_search_prior_eval100_seed12729_v1,B0,validation_evaluation,unknown_validation_m20_0058|12786,unknown_validation_m20_0058,12786,12786,found_timeout,True,False,349,400,,[],349,349,,
B0_search_prior_eval100_seed12729_v1,B0,validation_evaluation,unknown_validation_m20_0059|12787,unknown_validation_m20_0059,12787,12787,found_collision,True,False,28,82,Intercept,[3],28,28,,
B0_search_prior_eval100_seed12729_v1,B0,validation_evaluation,unknown_validation_m20_0060|12788,unknown_validation_m20_0060,12788,12788,found_success,True,True,54,78,,[],54,54,,
B0_search_prior_eval100_seed12729_v1,B0,validation_evaluation,unknown_validation_m20_0061|12789,unknown_validation_m20_0061,12789,12789,found_timeout,True,False,1,400,,[],1,1,,
B0_search_prior_eval100_seed12729_v1,B0,validation_evaluation,unknown_validation_m20_0062|12790,unknown_validation_m20_0062,12790,12790,not_found_collision,False,False,,293,Search,[1],293,292,,
B0_search_prior_eval100_seed12729_v1,B0,validation_evaluation,unknown_validation_m20_0063|12791,unknown_validation_m20_0063,12791,12791,not_found_collision,False,False,,50,Search,[1],50,49,,
B0_search_prior_eval100_seed12729_v1,B0,validation_evaluation,unknown_validation_m20_0064|12792,unknown_validation_m20_0064,12792,12792,not_found_timeout,False,False,,400,,[],400,400,,
B0_search_prior_eval100_seed12729_v1,B0,validation_evaluation,unknown_validation_m20_0065|12793,unknown_validation_m20_0065,12793,12793,found_timeout,True,False,73,400,,[],73,73,,
B0_search_prior_eval100_seed12729_v1,B0,validation_evaluation,unknown_validation_m20_0066|12794,unknown_validation_m20_0066,12794,12794,not_found_collision,False,False,,25,Search,[1],25,24,,
B0_search_prior_eval100_seed12729_v1,B0,validation_evaluation,unknown_validation_m20_0067|12795,unknown_validation_m20_0067,12795,12795,not_found_timeout,False,False,,400,,[],400,400,,
B0_search_prior_eval100_seed12729_v1,B0,validation_evaluation,unknown_validation_m20_0068|12796,unknown_validation_m20_0068,12796,12796,not_found_collision,False,False,,36,Search,[0],36,35,,
B0_search_prior_eval100_seed12729_v1,B0,validation_evaluation,unknown_validation_m20_0069|12797,unknown_validation_m20_0069,12797,12797,not_found_timeout,False,False,,400,,[],400,400,,
B0_search_prior_eval100_seed12729_v1,B0,validation_evaluation,unknown_validation_m20_0070|12798,unknown_validation_m20_0070,12798,12798,not_found_collision,False,False,,13,Search,[2],13,12,,
B0_search_prior_eval100_seed12729_v1,B0,validation_evaluation,unknown_validation_m20_0071|12799,unknown_validation_m20_0071,12799,12799,found_timeout,True,False,361,400,,[],361,361,,
B0_search_prior_eval100_seed12729_v1,B0,validation_evaluation,unknown_validation_m20_0072|12800,unknown_validation_m20_0072,12800,12800,not_found_timeout,False,False,,400,,[],400,400,,
B0_search_prior_eval100_seed12729_v1,B0,validation_evaluation,unknown_validation_m20_0073|12801,unknown_validation_m20_0073,12801,12801,not_found_collision,False,False,,20,Search,[0],20,19,,
B0_search_prior_eval100_seed12729_v1,B0,validation_evaluation,unknown_validation_m20_0074|12802,unknown_validation_m20_0074,12802,12802,not_found_collision,False,False,,19,Search,[0],19,18,,
B0_search_prior_eval100_seed12729_v1,B0,validation_evaluation,unknown_validation_m20_0075|12803,unknown_validation_m20_0075,12803,12803,found_timeout,True,False,213,400,,[],213,213,,
B0_search_prior_eval100_seed12729_v1,B0,validation_evaluation,unknown_validation_m20_0076|12804,unknown_validation_m20_0076,12804,12804,found_success,True,True,178,214,,[],178,178,,
B0_search_prior_eval100_seed12729_v1,B0,validation_evaluation,unknown_validation_m20_0077|12805,unknown_validation_m20_0077,12805,12805,found_timeout,True,False,215,400,,[],215,215,,
B0_search_prior_eval100_seed12729_v1,B0,validation_evaluation,unknown_validation_m20_0078|12806,unknown_validation_m20_0078,12806,12806,not_found_collision,False,False,,22,Search,[1],22,21,,
B0_search_prior_eval100_seed12729_v1,B0,validation_evaluation,unknown_validation_m20_0079|12807,unknown_validation_m20_0079,12807,12807,not_found_collision,False,False,,92,Search,[0],92,91,,
B0_search_prior_eval100_seed12729_v1,B0,validation_evaluation,unknown_validation_m20_0080|12808,unknown_validation_m20_0080,12808,12808,not_found_timeout,False,False,,400,,[],400,400,,
B0_search_prior_eval100_seed12729_v1,B0,validation_evaluation,unknown_validation_m20_0081|12809,unknown_validation_m20_0081,12809,12809,found_timeout,True,False,1,400,,[],1,1,,
B0_search_prior_eval100_seed12729_v1,B0,validation_evaluation,unknown_validation_m20_0082|12810,unknown_validation_m20_0082,12810,12810,found_timeout,True,False,68,400,,[],68,68,,
B0_search_prior_eval100_seed12729_v1,B0,validation_evaluation,unknown_validation_m20_0083|12811,unknown_validation_m20_0083,12811,12811,not_found_collision,False,False,,50,Search,[0],50,49,,
B0_search_prior_eval100_seed12729_v1,B0,validation_evaluation,unknown_validation_m20_0084|12812,unknown_validation_m20_0084,12812,12812,not_found_collision,False,False,,87,Search,[2],87,86,,
B0_search_prior_eval100_seed12729_v1,B0,validation_evaluation,unknown_validation_m20_0085|12813,unknown_validation_m20_0085,12813,12813,found_timeout,True,False,14,400,,[],14,14,,
B0_search_prior_eval100_seed12729_v1,B0,validation_evaluation,unknown_validation_m20_0086|12814,unknown_validation_m20_0086,12814,12814,found_timeout,True,False,26,400,,[],26,26,,
B0_search_prior_eval100_seed12729_v1,B0,validation_evaluation,unknown_validation_m20_0087|12815,unknown_validation_m20_0087,12815,12815,not_found_collision,False,False,,19,Search,[0],19,18,,
B0_search_prior_eval100_seed12729_v1,B0,validation_evaluation,unknown_validation_m20_0088|12816,unknown_validation_m20_0088,12816,12816,found_timeout,True,False,245,400,,[],245,245,,
B0_search_prior_eval100_seed12729_v1,B0,validation_evaluation,unknown_validation_m20_0089|12817,unknown_validation_m20_0089,12817,12817,found_timeout,True,False,223,400,,[],223,223,,
B0_search_prior_eval100_seed12729_v1,B0,validation_evaluation,unknown_validation_m20_0090|12818,unknown_validation_m20_0090,12818,12818,found_timeout,True,False,9,400,,[],9,9,,
B0_search_prior_eval100_seed12729_v1,B0,validation_evaluation,unknown_validation_m20_0091|12819,unknown_validation_m20_0091,12819,12819,found_timeout,True,False,2,400,,[],2,2,,
B0_search_prior_eval100_seed12729_v1,B0,validation_evaluation,unknown_validation_m20_0092|12820,unknown_validation_m20_0092,12820,12820,not_found_timeout,False,False,,400,,[],400,400,,
B0_search_prior_eval100_seed12729_v1,B0,validation_evaluation,unknown_validation_m20_0093|12821,unknown_validation_m20_0093,12821,12821,found_timeout,True,False,23,400,,[],23,23,,
B0_search_prior_eval100_seed12729_v1,B0,validation_evaluation,unknown_validation_m20_0094|12822,unknown_validation_m20_0094,12822,12822,found_timeout,True,False,324,400,,[],324,324,,
B0_search_prior_eval100_seed12729_v1,B0,validation_evaluation,unknown_validation_m20_0095|12823,unknown_validation_m20_0095,12823,12823,not_found_collision,False,False,,63,Search,[2],63,62,,
B0_search_prior_eval100_seed12729_v1,B0,validation_evaluation,unknown_validation_m20_0096|12824,unknown_validation_m20_0096,12824,12824,found_timeout,True,False,273,400,,[],273,273,,
B0_search_prior_eval100_seed12729_v1,B0,validation_evaluation,unknown_validation_m20_0097|12825,unknown_validation_m20_0097,12825,12825,not_found_collision,False,False,,13,Search,[2],13,12,,
B0_search_prior_eval100_seed12729_v1,B0,validation_evaluation,unknown_validation_m20_0098|12826,unknown_validation_m20_0098,12826,12826,found_timeout,True,False,122,400,,[],122,122,,
B0_search_prior_eval100_seed12729_v1,B0,validation_evaluation,unknown_validation_m20_0099|12827,unknown_validation_m20_0099,12827,12827,not_found_timeout,False,False,,400,,[],400,400,,
B0_search_prior_eval100_seed12729_v1,B0,validation_evaluation,unknown_validation_m20_0100|12828,unknown_validation_m20_0100,12828,12828,not_found_timeout,False,False,,400,,[],400,400,,
B1_bser_prior_eval100_seed12729_v1,B1,validation_evaluation,unknown_validation_m20_0001|12729,unknown_validation_m20_0001,12729,12729,not_found_timeout,False,False,,400,,[],400,400,,
B1_bser_prior_eval100_seed12729_v1,B1,validation_evaluation,unknown_validation_m20_0002|12730,unknown_validation_m20_0002,12730,12730,not_found_collision,False,False,,230,Search,[0],230,229,,
B1_bser_prior_eval100_seed12729_v1,B1,validation_evaluation,unknown_validation_m20_0003|12731,unknown_validation_m20_0003,12731,12731,found_timeout,True,False,37,400,,[],37,37,,
B1_bser_prior_eval100_seed12729_v1,B1,validation_evaluation,unknown_validation_m20_0004|12732,unknown_validation_m20_0004,12732,12732,not_found_collision,False,False,,18,Search,[0],18,17,,
B1_bser_prior_eval100_seed12729_v1,B1,validation_evaluation,unknown_validation_m20_0005|12733,unknown_validation_m20_0005,12733,12733,found_timeout,True,False,64,400,,[],64,64,,
B1_bser_prior_eval100_seed12729_v1,B1,validation_evaluation,unknown_validation_m20_0006|12734,unknown_validation_m20_0006,12734,12734,not_found_timeout,False,False,,400,,[],400,400,,
B1_bser_prior_eval100_seed12729_v1,B1,validation_evaluation,unknown_validation_m20_0007|12735,unknown_validation_m20_0007,12735,12735,not_found_collision,False,False,,17,Search,[1],17,16,,
B1_bser_prior_eval100_seed12729_v1,B1,validation_evaluation,unknown_validation_m20_0008|12736,unknown_validation_m20_0008,12736,12736,not_found_collision,False,False,,44,Search,[1],44,43,,
B1_bser_prior_eval100_seed12729_v1,B1,validation_evaluation,unknown_validation_m20_0009|12737,unknown_validation_m20_0009,12737,12737,not_found_collision,False,False,,73,Search,[1],73,72,,
B1_bser_prior_eval100_seed12729_v1,B1,validation_evaluation,unknown_validation_m20_0010|12738,unknown_validation_m20_0010,12738,12738,not_found_collision,False,False,,19,Search,[2],19,18,,
B1_bser_prior_eval100_seed12729_v1,B1,validation_evaluation,unknown_validation_m20_0011|12739,unknown_validation_m20_0011,12739,12739,not_found_timeout,False,False,,400,,[],400,400,,
B1_bser_prior_eval100_seed12729_v1,B1,validation_evaluation,unknown_validation_m20_0012|12740,unknown_validation_m20_0012,12740,12740,not_found_timeout,False,False,,400,,[],400,400,,
B1_bser_prior_eval100_seed12729_v1,B1,validation_evaluation,unknown_validation_m20_0013|12741,unknown_validation_m20_0013,12741,12741,found_timeout,True,False,14,400,,[],14,14,,
B1_bser_prior_eval100_seed12729_v1,B1,validation_evaluation,unknown_validation_m20_0014|12742,unknown_validation_m20_0014,12742,12742,found_timeout,True,False,231,400,,[],231,231,,
B1_bser_prior_eval100_seed12729_v1,B1,validation_evaluation,unknown_validation_m20_0015|12743,unknown_validation_m20_0015,12743,12743,found_timeout,True,False,108,400,,[],108,108,,
B1_bser_prior_eval100_seed12729_v1,B1,validation_evaluation,unknown_validation_m20_0016|12744,unknown_validation_m20_0016,12744,12744,not_found_collision,False,False,,29,Search,[3],29,28,,
B1_bser_prior_eval100_seed12729_v1,B1,validation_evaluation,unknown_validation_m20_0017|12745,unknown_validation_m20_0017,12745,12745,found_timeout,True,False,200,400,,[],200,200,,
B1_bser_prior_eval100_seed12729_v1,B1,validation_evaluation,unknown_validation_m20_0018|12746,unknown_validation_m20_0018,12746,12746,not_found_timeout,False,False,,400,,[],400,400,,
B1_bser_prior_eval100_seed12729_v1,B1,validation_evaluation,unknown_validation_m20_0019|12747,unknown_validation_m20_0019,12747,12747,not_found_collision,False,False,,54,Search,[3],54,53,,
B1_bser_prior_eval100_seed12729_v1,B1,validation_evaluation,unknown_validation_m20_0020|12748,unknown_validation_m20_0020,12748,12748,not_found_collision,False,False,,12,Search,[0],12,11,,
B1_bser_prior_eval100_seed12729_v1,B1,validation_evaluation,unknown_validation_m20_0021|12749,unknown_validation_m20_0021,12749,12749,found_success,True,True,1,230,,[],1,1,,
B1_bser_prior_eval100_seed12729_v1,B1,validation_evaluation,unknown_validation_m20_0022|12750,unknown_validation_m20_0022,12750,12750,not_found_timeout,False,False,,400,,[],400,400,,
B1_bser_prior_eval100_seed12729_v1,B1,validation_evaluation,unknown_validation_m20_0023|12751,unknown_validation_m20_0023,12751,12751,found_timeout,True,False,23,400,,[],23,23,,
B1_bser_prior_eval100_seed12729_v1,B1,validation_evaluation,unknown_validation_m20_0024|12752,unknown_validation_m20_0024,12752,12752,found_timeout,True,False,77,400,,[],77,77,,
B1_bser_prior_eval100_seed12729_v1,B1,validation_evaluation,unknown_validation_m20_0025|12753,unknown_validation_m20_0025,12753,12753,not_found_collision,False,False,,59,Search,[0],59,58,,
B1_bser_prior_eval100_seed12729_v1,B1,validation_evaluation,unknown_validation_m20_0026|12754,unknown_validation_m20_0026,12754,12754,found_collision,True,False,142,382,Intercept,[3],142,142,,
B1_bser_prior_eval100_seed12729_v1,B1,validation_evaluation,unknown_validation_m20_0027|12755,unknown_validation_m20_0027,12755,12755,found_timeout,True,False,112,400,,[],112,112,,
B1_bser_prior_eval100_seed12729_v1,B1,validation_evaluation,unknown_validation_m20_0028|12756,unknown_validation_m20_0028,12756,12756,found_timeout,True,False,40,400,,[],40,40,,
B1_bser_prior_eval100_seed12729_v1,B1,validation_evaluation,unknown_validation_m20_0029|12757,unknown_validation_m20_0029,12757,12757,not_found_timeout,False,False,,400,,[],400,400,,
B1_bser_prior_eval100_seed12729_v1,B1,validation_evaluation,unknown_validation_m20_0030|12758,unknown_validation_m20_0030,12758,12758,not_found_timeout,False,False,,400,,[],400,400,,
B1_bser_prior_eval100_seed12729_v1,B1,validation_evaluation,unknown_validation_m20_0031|12759,unknown_validation_m20_0031,12759,12759,not_found_collision,False,False,,164,Search,[2],164,163,,
B1_bser_prior_eval100_seed12729_v1,B1,validation_evaluation,unknown_validation_m20_0032|12760,unknown_validation_m20_0032,12760,12760,found_timeout,True,False,177,400,,[],177,177,,
B1_bser_prior_eval100_seed12729_v1,B1,validation_evaluation,unknown_validation_m20_0033|12761,unknown_validation_m20_0033,12761,12761,not_found_timeout,False,False,,400,,[],400,400,,
B1_bser_prior_eval100_seed12729_v1,B1,validation_evaluation,unknown_validation_m20_0034|12762,unknown_validation_m20_0034,12762,12762,found_collision,True,False,106,335,Intercept,[3],106,106,,
B1_bser_prior_eval100_seed12729_v1,B1,validation_evaluation,unknown_validation_m20_0035|12763,unknown_validation_m20_0035,12763,12763,found_timeout,True,False,3,400,,[],3,3,,
B1_bser_prior_eval100_seed12729_v1,B1,validation_evaluation,unknown_validation_m20_0036|12764,unknown_validation_m20_0036,12764,12764,not_found_collision,False,False,,284,Search,[2],284,283,,
B1_bser_prior_eval100_seed12729_v1,B1,validation_evaluation,unknown_validation_m20_0037|12765,unknown_validation_m20_0037,12765,12765,not_found_timeout,False,False,,400,,[],400,400,,
B1_bser_prior_eval100_seed12729_v1,B1,validation_evaluation,unknown_validation_m20_0038|12766,unknown_validation_m20_0038,12766,12766,found_timeout,True,False,12,400,,[],12,12,,
B1_bser_prior_eval100_seed12729_v1,B1,validation_evaluation,unknown_validation_m20_0039|12767,unknown_validation_m20_0039,12767,12767,not_found_collision,False,False,,53,Search,[3],53,52,,
B1_bser_prior_eval100_seed12729_v1,B1,validation_evaluation,unknown_validation_m20_0040|12768,unknown_validation_m20_0040,12768,12768,not_found_collision,False,False,,17,Search,[2],17,16,,
B1_bser_prior_eval100_seed12729_v1,B1,validation_evaluation,unknown_validation_m20_0041|12769,unknown_validation_m20_0041,12769,12769,not_found_collision,False,False,,14,Search,[2],14,13,,
B1_bser_prior_eval100_seed12729_v1,B1,validation_evaluation,unknown_validation_m20_0042|12770,unknown_validation_m20_0042,12770,12770,not_found_collision,False,False,,297,Search,[0],297,296,,
B1_bser_prior_eval100_seed12729_v1,B1,validation_evaluation,unknown_validation_m20_0043|12771,unknown_validation_m20_0043,12771,12771,found_timeout,True,False,392,400,,[],392,392,,
B1_bser_prior_eval100_seed12729_v1,B1,validation_evaluation,unknown_validation_m20_0044|12772,unknown_validation_m20_0044,12772,12772,not_found_collision,False,False,,14,Search,[1],14,13,,
B1_bser_prior_eval100_seed12729_v1,B1,validation_evaluation,unknown_validation_m20_0045|12773,unknown_validation_m20_0045,12773,12773,not_found_collision,False,False,,152,Search,[2],152,151,,
B1_bser_prior_eval100_seed12729_v1,B1,validation_evaluation,unknown_validation_m20_0046|12774,unknown_validation_m20_0046,12774,12774,found_timeout,True,False,1,400,,[],1,1,,
B1_bser_prior_eval100_seed12729_v1,B1,validation_evaluation,unknown_validation_m20_0047|12775,unknown_validation_m20_0047,12775,12775,not_found_collision,False,False,,263,Search,[0],263,262,,
B1_bser_prior_eval100_seed12729_v1,B1,validation_evaluation,unknown_validation_m20_0048|12776,unknown_validation_m20_0048,12776,12776,not_found_collision,False,False,,14,Search,[0],14,13,,
B1_bser_prior_eval100_seed12729_v1,B1,validation_evaluation,unknown_validation_m20_0049|12777,unknown_validation_m20_0049,12777,12777,found_timeout,True,False,84,400,,[],84,84,,
B1_bser_prior_eval100_seed12729_v1,B1,validation_evaluation,unknown_validation_m20_0050|12778,unknown_validation_m20_0050,12778,12778,found_timeout,True,False,21,400,,[],21,21,,
B1_bser_prior_eval100_seed12729_v1,B1,validation_evaluation,unknown_validation_m20_0051|12779,unknown_validation_m20_0051,12779,12779,not_found_timeout,False,False,,400,,[],400,400,,
B1_bser_prior_eval100_seed12729_v1,B1,validation_evaluation,unknown_validation_m20_0052|12780,unknown_validation_m20_0052,12780,12780,not_found_collision,False,False,,51,Search,[3],51,50,,
B1_bser_prior_eval100_seed12729_v1,B1,validation_evaluation,unknown_validation_m20_0053|12781,unknown_validation_m20_0053,12781,12781,not_found_collision,False,False,,53,Search,[2],53,52,,
B1_bser_prior_eval100_seed12729_v1,B1,validation_evaluation,unknown_validation_m20_0054|12782,unknown_validation_m20_0054,12782,12782,found_success,True,True,199,332,,[],199,199,,
B1_bser_prior_eval100_seed12729_v1,B1,validation_evaluation,unknown_validation_m20_0055|12783,unknown_validation_m20_0055,12783,12783,found_timeout,True,False,201,400,,[],201,201,,
B1_bser_prior_eval100_seed12729_v1,B1,validation_evaluation,unknown_validation_m20_0056|12784,unknown_validation_m20_0056,12784,12784,not_found_timeout,False,False,,400,,[],400,400,,
B1_bser_prior_eval100_seed12729_v1,B1,validation_evaluation,unknown_validation_m20_0057|12785,unknown_validation_m20_0057,12785,12785,not_found_collision,False,False,,368,Search,[0],368,367,,
B1_bser_prior_eval100_seed12729_v1,B1,validation_evaluation,unknown_validation_m20_0058|12786,unknown_validation_m20_0058,12786,12786,found_timeout,True,False,349,400,,[],349,349,,
B1_bser_prior_eval100_seed12729_v1,B1,validation_evaluation,unknown_validation_m20_0059|12787,unknown_validation_m20_0059,12787,12787,not_found_timeout,False,False,,400,,[],400,400,,
B1_bser_prior_eval100_seed12729_v1,B1,validation_evaluation,unknown_validation_m20_0060|12788,unknown_validation_m20_0060,12788,12788,found_timeout,True,False,109,400,,[],109,109,,
B1_bser_prior_eval100_seed12729_v1,B1,validation_evaluation,unknown_validation_m20_0061|12789,unknown_validation_m20_0061,12789,12789,found_timeout,True,False,1,400,,[],1,1,,
B1_bser_prior_eval100_seed12729_v1,B1,validation_evaluation,unknown_validation_m20_0062|12790,unknown_validation_m20_0062,12790,12790,not_found_collision,False,False,,253,Search,[1],253,252,,
B1_bser_prior_eval100_seed12729_v1,B1,validation_evaluation,unknown_validation_m20_0063|12791,unknown_validation_m20_0063,12791,12791,not_found_collision,False,False,,50,Search,[1],50,49,,
B1_bser_prior_eval100_seed12729_v1,B1,validation_evaluation,unknown_validation_m20_0064|12792,unknown_validation_m20_0064,12792,12792,not_found_timeout,False,False,,400,,[],400,400,,
B1_bser_prior_eval100_seed12729_v1,B1,validation_evaluation,unknown_validation_m20_0065|12793,unknown_validation_m20_0065,12793,12793,found_collision,True,False,44,296,Intercept,[3],44,44,,
B1_bser_prior_eval100_seed12729_v1,B1,validation_evaluation,unknown_validation_m20_0066|12794,unknown_validation_m20_0066,12794,12794,not_found_collision,False,False,,25,Search,[1],25,24,,
B1_bser_prior_eval100_seed12729_v1,B1,validation_evaluation,unknown_validation_m20_0067|12795,unknown_validation_m20_0067,12795,12795,not_found_timeout,False,False,,400,,[],400,400,,
B1_bser_prior_eval100_seed12729_v1,B1,validation_evaluation,unknown_validation_m20_0068|12796,unknown_validation_m20_0068,12796,12796,not_found_collision,False,False,,41,Search,[2],41,40,,
B1_bser_prior_eval100_seed12729_v1,B1,validation_evaluation,unknown_validation_m20_0069|12797,unknown_validation_m20_0069,12797,12797,not_found_timeout,False,False,,400,,[],400,400,,
B1_bser_prior_eval100_seed12729_v1,B1,validation_evaluation,unknown_validation_m20_0070|12798,unknown_validation_m20_0070,12798,12798,not_found_collision,False,False,,13,Search,[2],13,12,,
B1_bser_prior_eval100_seed12729_v1,B1,validation_evaluation,unknown_validation_m20_0071|12799,unknown_validation_m20_0071,12799,12799,not_found_timeout,False,False,,400,,[],400,400,,
B1_bser_prior_eval100_seed12729_v1,B1,validation_evaluation,unknown_validation_m20_0072|12800,unknown_validation_m20_0072,12800,12800,not_found_timeout,False,False,,400,,[],400,400,,
B1_bser_prior_eval100_seed12729_v1,B1,validation_evaluation,unknown_validation_m20_0073|12801,unknown_validation_m20_0073,12801,12801,not_found_collision,False,False,,20,Search,[0],20,19,,
B1_bser_prior_eval100_seed12729_v1,B1,validation_evaluation,unknown_validation_m20_0074|12802,unknown_validation_m20_0074,12802,12802,not_found_collision,False,False,,19,Search,[0],19,18,,
B1_bser_prior_eval100_seed12729_v1,B1,validation_evaluation,unknown_validation_m20_0075|12803,unknown_validation_m20_0075,12803,12803,not_found_timeout,False,False,,400,,[],400,400,,
B1_bser_prior_eval100_seed12729_v1,B1,validation_evaluation,unknown_validation_m20_0076|12804,unknown_validation_m20_0076,12804,12804,found_timeout,True,False,175,400,,[],175,175,,
B1_bser_prior_eval100_seed12729_v1,B1,validation_evaluation,unknown_validation_m20_0077|12805,unknown_validation_m20_0077,12805,12805,found_timeout,True,False,356,400,,[],356,356,,
B1_bser_prior_eval100_seed12729_v1,B1,validation_evaluation,unknown_validation_m20_0078|12806,unknown_validation_m20_0078,12806,12806,not_found_collision,False,False,,22,Search,[1],22,21,,
B1_bser_prior_eval100_seed12729_v1,B1,validation_evaluation,unknown_validation_m20_0079|12807,unknown_validation_m20_0079,12807,12807,not_found_timeout,False,False,,400,,[],400,400,,
B1_bser_prior_eval100_seed12729_v1,B1,validation_evaluation,unknown_validation_m20_0080|12808,unknown_validation_m20_0080,12808,12808,not_found_collision,False,False,,120,Search,[1],120,119,,
B1_bser_prior_eval100_seed12729_v1,B1,validation_evaluation,unknown_validation_m20_0081|12809,unknown_validation_m20_0081,12809,12809,found_timeout,True,False,1,400,,[],1,1,,
B1_bser_prior_eval100_seed12729_v1,B1,validation_evaluation,unknown_validation_m20_0082|12810,unknown_validation_m20_0082,12810,12810,found_timeout,True,False,68,400,,[],68,68,,
B1_bser_prior_eval100_seed12729_v1,B1,validation_evaluation,unknown_validation_m20_0083|12811,unknown_validation_m20_0083,12811,12811,not_found_timeout,False,False,,400,,[],400,400,,
B1_bser_prior_eval100_seed12729_v1,B1,validation_evaluation,unknown_validation_m20_0084|12812,unknown_validation_m20_0084,12812,12812,not_found_timeout,False,False,,400,,[],400,400,,
B1_bser_prior_eval100_seed12729_v1,B1,validation_evaluation,unknown_validation_m20_0085|12813,unknown_validation_m20_0085,12813,12813,found_success,True,True,14,313,,[],14,14,,
B1_bser_prior_eval100_seed12729_v1,B1,validation_evaluation,unknown_validation_m20_0086|12814,unknown_validation_m20_0086,12814,12814,found_timeout,True,False,26,400,,[],26,26,,
B1_bser_prior_eval100_seed12729_v1,B1,validation_evaluation,unknown_validation_m20_0087|12815,unknown_validation_m20_0087,12815,12815,not_found_collision,False,False,,19,Search,[0],19,18,,
B1_bser_prior_eval100_seed12729_v1,B1,validation_evaluation,unknown_validation_m20_0088|12816,unknown_validation_m20_0088,12816,12816,found_success,True,True,245,274,,[],245,245,,
B1_bser_prior_eval100_seed12729_v1,B1,validation_evaluation,unknown_validation_m20_0089|12817,unknown_validation_m20_0089,12817,12817,found_timeout,True,False,363,400,,[],363,363,,
B1_bser_prior_eval100_seed12729_v1,B1,validation_evaluation,unknown_validation_m20_0090|12818,unknown_validation_m20_0090,12818,12818,found_timeout,True,False,9,400,,[],9,9,,
B1_bser_prior_eval100_seed12729_v1,B1,validation_evaluation,unknown_validation_m20_0091|12819,unknown_validation_m20_0091,12819,12819,found_timeout,True,False,2,400,,[],2,2,,
B1_bser_prior_eval100_seed12729_v1,B1,validation_evaluation,unknown_validation_m20_0092|12820,unknown_validation_m20_0092,12820,12820,not_found_collision,False,False,,93,Search,[1],93,92,,
B1_bser_prior_eval100_seed12729_v1,B1,validation_evaluation,unknown_validation_m20_0093|12821,unknown_validation_m20_0093,12821,12821,found_timeout,True,False,23,400,,[],23,23,,
B1_bser_prior_eval100_seed12729_v1,B1,validation_evaluation,unknown_validation_m20_0094|12822,unknown_validation_m20_0094,12822,12822,not_found_collision,False,False,,128,Search,[1],128,127,,
B1_bser_prior_eval100_seed12729_v1,B1,validation_evaluation,unknown_validation_m20_0095|12823,unknown_validation_m20_0095,12823,12823,not_found_timeout,False,False,,400,,[],400,400,,
B1_bser_prior_eval100_seed12729_v1,B1,validation_evaluation,unknown_validation_m20_0096|12824,unknown_validation_m20_0096,12824,12824,found_timeout,True,False,264,400,,[],264,264,,
B1_bser_prior_eval100_seed12729_v1,B1,validation_evaluation,unknown_validation_m20_0097|12825,unknown_validation_m20_0097,12825,12825,not_found_collision,False,False,,13,Search,[2],13,12,,
B1_bser_prior_eval100_seed12729_v1,B1,validation_evaluation,unknown_validation_m20_0098|12826,unknown_validation_m20_0098,12826,12826,not_found_timeout,False,False,,400,,[],400,400,,
B1_bser_prior_eval100_seed12729_v1,B1,validation_evaluation,unknown_validation_m20_0099|12827,unknown_validation_m20_0099,12827,12827,not_found_timeout,False,False,,400,,[],400,400,,
B1_bser_prior_eval100_seed12729_v1,B1,validation_evaluation,unknown_validation_m20_0100|12828,unknown_validation_m20_0100,12828,12828,found_timeout,True,False,298,400,,[],298,298,,
B2_direct_mc_train100_seed2729_v1,B2,training_main,unknown_train_m20_0001|2730,unknown_train_m20_0001,2730,2730,not_found_collision,False,False,,18,Search,[1],18,17,,
B2_direct_mc_train100_seed2729_v1,B2,training_main,unknown_train_m20_0001|2731,unknown_train_m20_0001,2731,2731,not_found_collision,False,False,,142,Search,[0],142,141,,
B2_direct_mc_train100_seed2729_v1,B2,training_main,unknown_train_m20_0001|2732,unknown_train_m20_0001,2732,2732,found_success,True,True,18,159,,[],18,18,,
B2_direct_mc_train100_seed2729_v1,B2,training_main,unknown_train_m20_0001|2733,unknown_train_m20_0001,2733,2733,found_timeout,True,False,43,400,,[],43,43,,
B2_direct_mc_train100_seed2729_v1,B2,training_main,unknown_train_m20_0001|2734,unknown_train_m20_0001,2734,2734,not_found_timeout,False,False,,400,,[],400,400,,
B2_direct_mc_train100_seed2729_v1,B2,training_main,unknown_train_m20_0001|2735,unknown_train_m20_0001,2735,2735,found_timeout,True,False,1,400,,[],1,1,,
B2_direct_mc_train100_seed2729_v1,B2,training_main,unknown_train_m20_0001|2736,unknown_train_m20_0001,2736,2736,not_found_collision,False,False,,266,Search,[2],266,265,,
B2_direct_mc_train100_seed2729_v1,B2,training_main,unknown_train_m20_0001|2737,unknown_train_m20_0001,2737,2737,not_found_timeout,False,False,,400,,[],400,400,,
B2_direct_mc_train100_seed2729_v1,B2,training_main,unknown_train_m20_0001|2738,unknown_train_m20_0001,2738,2738,found_timeout,True,False,37,400,,[],37,37,,
B2_direct_mc_train100_seed2729_v1,B2,training_main,unknown_train_m20_0001|2739,unknown_train_m20_0001,2739,2739,found_timeout,True,False,97,400,,[],97,97,,
B2_direct_mc_train100_seed2729_v1,B2,training_main,unknown_train_m20_0001|2740,unknown_train_m20_0001,2740,2740,not_found_timeout,False,False,,400,,[],400,400,,
B2_direct_mc_train100_seed2729_v1,B2,training_main,unknown_train_m20_0001|2741,unknown_train_m20_0001,2741,2741,not_found_collision,False,False,,49,Search,[0],49,48,,
B2_direct_mc_train100_seed2729_v1,B2,training_main,unknown_train_m20_0001|2742,unknown_train_m20_0001,2742,2742,found_timeout,True,False,16,400,,[],16,16,,
B2_direct_mc_train100_seed2729_v1,B2,training_main,unknown_train_m20_0001|2743,unknown_train_m20_0001,2743,2743,not_found_collision,False,False,,39,Search,[0],39,38,,
B2_direct_mc_train100_seed2729_v1,B2,training_main,unknown_train_m20_0001|2744,unknown_train_m20_0001,2744,2744,not_found_collision,False,False,,172,Search,[1],172,171,,
B2_direct_mc_train100_seed2729_v1,B2,training_main,unknown_train_m20_0001|2745,unknown_train_m20_0001,2745,2745,not_found_collision,False,False,,21,Search,[1],21,20,,
B2_direct_mc_train100_seed2729_v1,B2,training_main,unknown_train_m20_0001|2746,unknown_train_m20_0001,2746,2746,not_found_timeout,False,False,,400,,[],400,400,,
B2_direct_mc_train100_seed2729_v1,B2,training_main,unknown_train_m20_0001|2747,unknown_train_m20_0001,2747,2747,not_found_collision,False,False,,32,Search,[2],32,31,,
B2_direct_mc_train100_seed2729_v1,B2,training_main,unknown_train_m20_0001|2748,unknown_train_m20_0001,2748,2748,found_timeout,True,False,236,400,,[],236,236,,
B2_direct_mc_train100_seed2729_v1,B2,training_main,unknown_train_m20_0001|2749,unknown_train_m20_0001,2749,2749,found_timeout,True,False,343,400,,[],343,343,,
B2_direct_mc_train100_seed2729_v1,B2,training_main,unknown_train_m20_0001|2750,unknown_train_m20_0001,2750,2750,found_timeout,True,False,204,400,,[],204,204,,
B2_direct_mc_train100_seed2729_v1,B2,training_main,unknown_train_m20_0001|2751,unknown_train_m20_0001,2751,2751,not_found_timeout,False,False,,400,,[],400,400,,
B2_direct_mc_train100_seed2729_v1,B2,training_main,unknown_train_m20_0001|2752,unknown_train_m20_0001,2752,2752,not_found_collision,False,False,,44,Search,[3],44,43,,
B2_direct_mc_train100_seed2729_v1,B2,training_main,unknown_train_m20_0001|2753,unknown_train_m20_0001,2753,2753,not_found_timeout,False,False,,400,,[],400,400,,
B2_direct_mc_train100_seed2729_v1,B2,training_main,unknown_train_m20_0001|2754,unknown_train_m20_0001,2754,2754,not_found_timeout,False,False,,400,,[],400,400,,
B2_direct_mc_train100_seed2729_v1,B2,training_main,unknown_train_m20_0001|2755,unknown_train_m20_0001,2755,2755,not_found_timeout,False,False,,400,,[],400,400,,
B2_direct_mc_train100_seed2729_v1,B2,training_main,unknown_train_m20_0001|2756,unknown_train_m20_0001,2756,2756,not_found_timeout,False,False,,400,,[],400,400,,
B2_direct_mc_train100_seed2729_v1,B2,training_main,unknown_train_m20_0001|2757,unknown_train_m20_0001,2757,2757,found_success,True,True,381,397,,[],381,381,,
B2_direct_mc_train100_seed2729_v1,B2,training_main,unknown_train_m20_0001|2758,unknown_train_m20_0001,2758,2758,not_found_collision,False,False,,33,Search,[3],33,32,,
B2_direct_mc_train100_seed2729_v1,B2,training_main,unknown_train_m20_0001|2759,unknown_train_m20_0001,2759,2759,not_found_timeout,False,False,,400,,[],400,400,,
B2_direct_mc_train100_seed2729_v1,B2,training_main,unknown_train_m20_0001|2760,unknown_train_m20_0001,2760,2760,not_found_collision,False,False,,37,Search,[0],37,36,,
B2_direct_mc_train100_seed2729_v1,B2,training_main,unknown_train_m20_0001|2761,unknown_train_m20_0001,2761,2761,not_found_timeout,False,False,,400,,[],400,400,,
B2_direct_mc_train100_seed2729_v1,B2,training_main,unknown_train_m20_0001|2762,unknown_train_m20_0001,2762,2762,not_found_timeout,False,False,,400,,[],400,400,,
B2_direct_mc_train100_seed2729_v1,B2,training_main,unknown_train_m20_0001|2763,unknown_train_m20_0001,2763,2763,found_timeout,True,False,34,400,,[],34,34,,
B2_direct_mc_train100_seed2729_v1,B2,training_main,unknown_train_m20_0001|2764,unknown_train_m20_0001,2764,2764,found_timeout,True,False,1,400,,[],1,1,,
B2_direct_mc_train100_seed2729_v1,B2,training_main,unknown_train_m20_0001|2765,unknown_train_m20_0001,2765,2765,not_found_timeout,False,False,,400,,[],400,400,,
B2_direct_mc_train100_seed2729_v1,B2,training_main,unknown_train_m20_0001|2766,unknown_train_m20_0001,2766,2766,not_found_timeout,False,False,,400,,[],400,400,,
B2_direct_mc_train100_seed2729_v1,B2,training_main,unknown_train_m20_0001|2767,unknown_train_m20_0001,2767,2767,not_found_timeout,False,False,,400,,[],400,400,,
B2_direct_mc_train100_seed2729_v1,B2,training_main,unknown_train_m20_0001|2768,unknown_train_m20_0001,2768,2768,not_found_timeout,False,False,,400,,[],400,400,,
B2_direct_mc_train100_seed2729_v1,B2,training_main,unknown_train_m20_0001|2769,unknown_train_m20_0001,2769,2769,found_collision,True,False,25,159,Intercept,[3],25,25,,
B2_direct_mc_train100_seed2729_v1,B2,training_main,unknown_train_m20_0001|2770,unknown_train_m20_0001,2770,2770,found_timeout,True,False,24,400,,[],24,24,,
B2_direct_mc_train100_seed2729_v1,B2,training_main,unknown_train_m20_0001|2771,unknown_train_m20_0001,2771,2771,found_timeout,True,False,1,400,,[],1,1,,
B2_direct_mc_train100_seed2729_v1,B2,training_main,unknown_train_m20_0001|2772,unknown_train_m20_0001,2772,2772,not_found_timeout,False,False,,400,,[],400,400,,
B2_direct_mc_train100_seed2729_v1,B2,training_main,unknown_train_m20_0001|2773,unknown_train_m20_0001,2773,2773,not_found_timeout,False,False,,400,,[],400,400,,
B2_direct_mc_train100_seed2729_v1,B2,training_main,unknown_train_m20_0001|2774,unknown_train_m20_0001,2774,2774,not_found_timeout,False,False,,400,,[],400,400,,
B2_direct_mc_train100_seed2729_v1,B2,training_main,unknown_train_m20_0001|2775,unknown_train_m20_0001,2775,2775,not_found_collision,False,False,,32,Search,[1],32,31,,
B2_direct_mc_train100_seed2729_v1,B2,training_main,unknown_train_m20_0001|2776,unknown_train_m20_0001,2776,2776,found_timeout,True,False,23,400,,[],23,23,,
B2_direct_mc_train100_seed2729_v1,B2,training_main,unknown_train_m20_0001|2777,unknown_train_m20_0001,2777,2777,found_success,True,True,23,398,,[],23,23,,
B2_direct_mc_train100_seed2729_v1,B2,training_main,unknown_train_m20_0001|2778,unknown_train_m20_0001,2778,2778,found_success,True,True,207,228,,[],207,207,,
B2_direct_mc_train100_seed2729_v1,B2,training_main,unknown_train_m20_0001|2779,unknown_train_m20_0001,2779,2779,found_timeout,True,False,29,400,,[],29,29,,
B2_direct_mc_train100_seed2729_v1,B2,training_main,unknown_train_m20_0001|2780,unknown_train_m20_0001,2780,2780,found_timeout,True,False,4,400,,[],4,4,,
B2_direct_mc_train100_seed2729_v1,B2,training_main,unknown_train_m20_0001|2781,unknown_train_m20_0001,2781,2781,not_found_timeout,False,False,,400,,[],400,400,,
B2_direct_mc_train100_seed2729_v1,B2,training_main,unknown_train_m20_0001|2782,unknown_train_m20_0001,2782,2782,found_timeout,True,False,96,400,,[],96,96,,
B2_direct_mc_train100_seed2729_v1,B2,training_main,unknown_train_m20_0001|2783,unknown_train_m20_0001,2783,2783,found_success,True,True,11,349,,[],11,11,,
B2_direct_mc_train100_seed2729_v1,B2,training_main,unknown_train_m20_0001|2784,unknown_train_m20_0001,2784,2784,found_timeout,True,False,68,400,,[],68,68,,
B2_direct_mc_train100_seed2729_v1,B2,training_main,unknown_train_m20_0001|2785,unknown_train_m20_0001,2785,2785,not_found_timeout,False,False,,400,,[],400,400,,
B2_direct_mc_train100_seed2729_v1,B2,training_main,unknown_train_m20_0001|2786,unknown_train_m20_0001,2786,2786,not_found_collision,False,False,,21,Search,[1],21,20,,
B2_direct_mc_train100_seed2729_v1,B2,training_main,unknown_train_m20_0001|2787,unknown_train_m20_0001,2787,2787,found_timeout,True,False,64,400,,[],64,64,,
B2_direct_mc_train100_seed2729_v1,B2,training_main,unknown_train_m20_0001|2788,unknown_train_m20_0001,2788,2788,not_found_timeout,False,False,,400,,[],400,400,,
B2_direct_mc_train100_seed2729_v1,B2,training_main,unknown_train_m20_0001|2789,unknown_train_m20_0001,2789,2789,not_found_timeout,False,False,,400,,[],400,400,,
B2_direct_mc_train100_seed2729_v1,B2,training_main,unknown_train_m20_0001|2790,unknown_train_m20_0001,2790,2790,not_found_collision,False,False,,76,Search,[2],76,75,,
B2_direct_mc_train100_seed2729_v1,B2,training_main,unknown_train_m20_0001|2791,unknown_train_m20_0001,2791,2791,not_found_collision,False,False,,43,Search,[3],43,42,,
B2_direct_mc_train100_seed2729_v1,B2,training_main,unknown_train_m20_0001|2792,unknown_train_m20_0001,2792,2792,not_found_timeout,False,False,,400,,[],400,400,,
B2_direct_mc_train100_seed2729_v1,B2,training_main,unknown_train_m20_0001|2793,unknown_train_m20_0001,2793,2793,found_success,True,True,209,377,,[],209,209,,
B2_direct_mc_train100_seed2729_v1,B2,training_main,unknown_train_m20_0001|2794,unknown_train_m20_0001,2794,2794,not_found_timeout,False,False,,400,,[],400,400,,
B2_direct_mc_train100_seed2729_v1,B2,training_main,unknown_train_m20_0001|2795,unknown_train_m20_0001,2795,2795,not_found_timeout,False,False,,400,,[],400,400,,
B2_direct_mc_train100_seed2729_v1,B2,training_main,unknown_train_m20_0001|2796,unknown_train_m20_0001,2796,2796,not_found_timeout,False,False,,400,,[],400,400,,
B2_direct_mc_train100_seed2729_v1,B2,training_main,unknown_train_m20_0001|2797,unknown_train_m20_0001,2797,2797,not_found_timeout,False,False,,400,,[],400,400,,
B2_direct_mc_train100_seed2729_v1,B2,training_main,unknown_train_m20_0001|2798,unknown_train_m20_0001,2798,2798,not_found_timeout,False,False,,400,,[],400,400,,
B2_direct_mc_train100_seed2729_v1,B2,training_main,unknown_train_m20_0001|2799,unknown_train_m20_0001,2799,2799,found_timeout,True,False,3,400,,[],3,3,,
B2_direct_mc_train100_seed2729_v1,B2,training_main,unknown_train_m20_0001|2800,unknown_train_m20_0001,2800,2800,found_timeout,True,False,130,400,,[],130,130,,
B2_direct_mc_train100_seed2729_v1,B2,training_main,unknown_train_m20_0001|2801,unknown_train_m20_0001,2801,2801,not_found_collision,False,False,,41,Search,[1],41,40,,
B2_direct_mc_train100_seed2729_v1,B2,training_main,unknown_train_m20_0001|2802,unknown_train_m20_0001,2802,2802,not_found_collision,False,False,,81,Search,[2],81,80,,
B2_direct_mc_train100_seed2729_v1,B2,training_main,unknown_train_m20_0001|2803,unknown_train_m20_0001,2803,2803,not_found_timeout,False,False,,400,,[],400,400,,
B2_direct_mc_train100_seed2729_v1,B2,training_main,unknown_train_m20_0001|2804,unknown_train_m20_0001,2804,2804,found_timeout,True,False,41,400,,[],41,41,,
B2_direct_mc_train100_seed2729_v1,B2,training_main,unknown_train_m20_0001|2805,unknown_train_m20_0001,2805,2805,not_found_timeout,False,False,,400,,[],400,400,,
B2_direct_mc_train100_seed2729_v1,B2,training_main,unknown_train_m20_0001|2806,unknown_train_m20_0001,2806,2806,found_success,True,True,36,172,,[],36,36,,
B2_direct_mc_train100_seed2729_v1,B2,training_main,unknown_train_m20_0001|2807,unknown_train_m20_0001,2807,2807,found_timeout,True,False,368,400,,[],368,368,,
B2_direct_mc_train100_seed2729_v1,B2,training_main,unknown_train_m20_0001|2808,unknown_train_m20_0001,2808,2808,not_found_timeout,False,False,,400,,[],400,400,,
B2_direct_mc_train100_seed2729_v1,B2,training_main,unknown_train_m20_0001|2809,unknown_train_m20_0001,2809,2809,not_found_timeout,False,False,,400,,[],400,400,,
B2_direct_mc_train100_seed2729_v1,B2,training_main,unknown_train_m20_0001|2810,unknown_train_m20_0001,2810,2810,found_success,True,True,39,102,,[],39,39,,
B2_direct_mc_train100_seed2729_v1,B2,training_main,unknown_train_m20_0001|2811,unknown_train_m20_0001,2811,2811,not_found_timeout,False,False,,400,,[],400,400,,
B2_direct_mc_train100_seed2729_v1,B2,training_main,unknown_train_m20_0001|2812,unknown_train_m20_0001,2812,2812,found_timeout,True,False,321,400,,[],321,321,,
B2_direct_mc_train100_seed2729_v1,B2,training_main,unknown_train_m20_0001|2813,unknown_train_m20_0001,2813,2813,not_found_collision,False,False,,115,Search,[0],115,114,,
B2_direct_mc_train100_seed2729_v1,B2,training_main,unknown_train_m20_0001|2814,unknown_train_m20_0001,2814,2814,not_found_timeout,False,False,,400,,[],400,400,,
B2_direct_mc_train100_seed2729_v1,B2,training_main,unknown_train_m20_0001|2815,unknown_train_m20_0001,2815,2815,not_found_timeout,False,False,,400,,[],400,400,,
B2_direct_mc_train100_seed2729_v1,B2,training_main,unknown_train_m20_0001|2816,unknown_train_m20_0001,2816,2816,found_timeout,True,False,397,400,,[],397,397,,
B2_direct_mc_train100_seed2729_v1,B2,training_main,unknown_train_m20_0001|2817,unknown_train_m20_0001,2817,2817,found_success,True,True,37,56,,[],37,37,,
B2_direct_mc_train100_seed2729_v1,B2,training_main,unknown_train_m20_0001|2818,unknown_train_m20_0001,2818,2818,not_found_timeout,False,False,,400,,[],400,400,,
B2_direct_mc_train100_seed2729_v1,B2,training_main,unknown_train_m20_0001|2819,unknown_train_m20_0001,2819,2819,not_found_timeout,False,False,,400,,[],400,400,,
B2_direct_mc_train100_seed2729_v1,B2,training_main,unknown_train_m20_0001|2820,unknown_train_m20_0001,2820,2820,found_timeout,True,False,1,400,,[],1,1,,
B2_direct_mc_train100_seed2729_v1,B2,training_main,unknown_train_m20_0001|2821,unknown_train_m20_0001,2821,2821,found_timeout,True,False,157,400,,[],157,157,,
B2_direct_mc_train100_seed2729_v1,B2,training_main,unknown_train_m20_0001|2822,unknown_train_m20_0001,2822,2822,not_found_timeout,False,False,,400,,[],400,400,,
B2_direct_mc_train100_seed2729_v1,B2,training_main,unknown_train_m20_0001|2823,unknown_train_m20_0001,2823,2823,found_success,True,True,220,351,,[],220,220,,
B2_direct_mc_train100_seed2729_v1,B2,training_main,unknown_train_m20_0001|2824,unknown_train_m20_0001,2824,2824,found_collision,True,False,2,159,Intercept,[3],2,2,,
B2_direct_mc_train100_seed2729_v1,B2,training_main,unknown_train_m20_0001|2825,unknown_train_m20_0001,2825,2825,not_found_collision,False,False,,58,Search,[0],58,57,,
B2_direct_mc_train100_seed2729_v1,B2,training_main,unknown_train_m20_0001|2826,unknown_train_m20_0001,2826,2826,not_found_timeout,False,False,,400,,[],400,400,,
B2_direct_mc_train100_seed2729_v1,B2,training_main,unknown_train_m20_0001|2827,unknown_train_m20_0001,2827,2827,found_collision,True,False,9,225,Intercept,[3],9,9,,
B2_direct_mc_train100_seed2729_v1,B2,training_main,unknown_train_m20_0001|2828,unknown_train_m20_0001,2828,2828,not_found_timeout,False,False,,400,,[],400,400,,
B2_direct_mc_train100_seed2729_v1,B2,training_main,unknown_train_m20_0001|2829,unknown_train_m20_0001,2829,2829,not_found_timeout,False,False,,400,,[],400,400,,
B2_direct_mc_smoke_seed2729_v1,B2,training_smoke,unknown_train_m20_0001|2730,unknown_train_m20_0001,2730,2730,not_found_collision,False,False,,18,Search,[1],18,17,,
B2_direct_mc_smoke_seed2729_v1,B2,training_smoke,unknown_train_m20_0001|2731,unknown_train_m20_0001,2731,2731,not_found_collision,False,False,,142,Search,[0],142,141,,
B2_direct_mc_smoke_seed2729_v1,B2,training_smoke,unknown_train_m20_0001|2732,unknown_train_m20_0001,2732,2732,found_success,True,True,18,159,,[],18,18,,
B2_direct_mc_smoke_seed2729_v1,B2,training_smoke,unknown_train_m20_0001|2733,unknown_train_m20_0001,2733,2733,found_timeout,True,False,43,400,,[],43,43,,
B2_direct_mc_smoke_seed2729_v1,B2,training_smoke,unknown_train_m20_0001|2734,unknown_train_m20_0001,2734,2734,not_found_timeout,False,False,,400,,[],400,400,,
B2_direct_mc_smoke_seed2729_v1,B2,training_smoke,unknown_train_m20_0001|2735,unknown_train_m20_0001,2735,2735,found_timeout,True,False,1,400,,[],1,1,,
B2_direct_mc_smoke_seed2729_v1,B2,training_smoke,unknown_train_m20_0001|2736,unknown_train_m20_0001,2736,2736,not_found_collision,False,False,,266,Search,[2],266,265,,
B2_direct_mc_smoke_seed2729_v1,B2,training_smoke,unknown_train_m20_0001|2737,unknown_train_m20_0001,2737,2737,not_found_timeout,False,False,,400,,[],400,400,,
B2_direct_mc_smoke_seed2729_v1,B2,training_smoke,unknown_train_m20_0001|2738,unknown_train_m20_0001,2738,2738,found_timeout,True,False,37,400,,[],37,37,,
B2_direct_mc_smoke_seed2729_v1,B2,training_smoke,unknown_train_m20_0001|2739,unknown_train_m20_0001,2739,2739,found_timeout,True,False,97,400,,[],97,97,,
B3_direct_boundary_train100_seed2729_v1,B3,training_main,unknown_train_m20_0001|2730,unknown_train_m20_0001,2730,2730,not_found_collision,False,False,,18,Search,[1],18,17,,
B3_direct_boundary_train100_seed2729_v1,B3,training_main,unknown_train_m20_0001|2731,unknown_train_m20_0001,2731,2731,not_found_collision,False,False,,142,Search,[0],142,141,,
B3_direct_boundary_train100_seed2729_v1,B3,training_main,unknown_train_m20_0001|2732,unknown_train_m20_0001,2732,2732,found_success,True,True,18,159,,[],18,18,,
B3_direct_boundary_train100_seed2729_v1,B3,training_main,unknown_train_m20_0001|2733,unknown_train_m20_0001,2733,2733,found_timeout,True,False,43,400,,[],43,43,,
B3_direct_boundary_train100_seed2729_v1,B3,training_main,unknown_train_m20_0001|2734,unknown_train_m20_0001,2734,2734,found_timeout,True,False,109,400,,[],109,109,,
B3_direct_boundary_train100_seed2729_v1,B3,training_main,unknown_train_m20_0001|2735,unknown_train_m20_0001,2735,2735,found_timeout,True,False,1,400,,[],1,1,,
B3_direct_boundary_train100_seed2729_v1,B3,training_main,unknown_train_m20_0001|2736,unknown_train_m20_0001,2736,2736,not_found_timeout,False,False,,400,,[],400,400,,
B3_direct_boundary_train100_seed2729_v1,B3,training_main,unknown_train_m20_0001|2737,unknown_train_m20_0001,2737,2737,not_found_collision,False,False,,360,Search,[2],360,359,,
B3_direct_boundary_train100_seed2729_v1,B3,training_main,unknown_train_m20_0001|2738,unknown_train_m20_0001,2738,2738,not_found_timeout,False,False,,400,,[],400,400,,
B3_direct_boundary_train100_seed2729_v1,B3,training_main,unknown_train_m20_0001|2739,unknown_train_m20_0001,2739,2739,not_found_timeout,False,False,,400,,[],400,400,,
B3_direct_boundary_train100_seed2729_v1,B3,training_main,unknown_train_m20_0001|2740,unknown_train_m20_0001,2740,2740,not_found_timeout,False,False,,400,,[],400,400,,
B3_direct_boundary_train100_seed2729_v1,B3,training_main,unknown_train_m20_0001|2741,unknown_train_m20_0001,2741,2741,not_found_timeout,False,False,,400,,[],400,400,,
B3_direct_boundary_train100_seed2729_v1,B3,training_main,unknown_train_m20_0001|2742,unknown_train_m20_0001,2742,2742,found_timeout,True,False,16,400,,[],16,16,,
B3_direct_boundary_train100_seed2729_v1,B3,training_main,unknown_train_m20_0001|2743,unknown_train_m20_0001,2743,2743,not_found_collision,False,False,,40,Search,[0],40,39,,
B3_direct_boundary_train100_seed2729_v1,B3,training_main,unknown_train_m20_0001|2744,unknown_train_m20_0001,2744,2744,not_found_timeout,False,False,,400,,[],400,400,,
B3_direct_boundary_train100_seed2729_v1,B3,training_main,unknown_train_m20_0001|2745,unknown_train_m20_0001,2745,2745,not_found_collision,False,False,,17,Search,[1],17,16,,
B3_direct_boundary_train100_seed2729_v1,B3,training_main,unknown_train_m20_0001|2746,unknown_train_m20_0001,2746,2746,not_found_timeout,False,False,,400,,[],400,400,,
B3_direct_boundary_train100_seed2729_v1,B3,training_main,unknown_train_m20_0001|2747,unknown_train_m20_0001,2747,2747,not_found_collision,False,False,,59,Search,[0],59,58,,
B3_direct_boundary_train100_seed2729_v1,B3,training_main,unknown_train_m20_0001|2748,unknown_train_m20_0001,2748,2748,found_timeout,True,False,273,400,,[],273,273,,
B3_direct_boundary_train100_seed2729_v1,B3,training_main,unknown_train_m20_0001|2749,unknown_train_m20_0001,2749,2749,not_found_timeout,False,False,,400,,[],400,400,,
B3_direct_boundary_train100_seed2729_v1,B3,training_main,unknown_train_m20_0001|2750,unknown_train_m20_0001,2750,2750,found_collision,True,False,120,172,Intercept,[3],120,120,,
B3_direct_boundary_train100_seed2729_v1,B3,training_main,unknown_train_m20_0001|2751,unknown_train_m20_0001,2751,2751,not_found_timeout,False,False,,400,,[],400,400,,
B3_direct_boundary_train100_seed2729_v1,B3,training_main,unknown_train_m20_0001|2752,unknown_train_m20_0001,2752,2752,not_found_collision,False,False,,45,Search,[3],45,44,,
B3_direct_boundary_train100_seed2729_v1,B3,training_main,unknown_train_m20_0001|2753,unknown_train_m20_0001,2753,2753,not_found_timeout,False,False,,400,,[],400,400,,
B3_direct_boundary_train100_seed2729_v1,B3,training_main,unknown_train_m20_0001|2754,unknown_train_m20_0001,2754,2754,found_timeout,True,False,157,400,,[],157,157,,
B3_direct_boundary_train100_seed2729_v1,B3,training_main,unknown_train_m20_0001|2755,unknown_train_m20_0001,2755,2755,found_timeout,True,False,287,400,,[],287,287,,
B3_direct_boundary_train100_seed2729_v1,B3,training_main,unknown_train_m20_0001|2756,unknown_train_m20_0001,2756,2756,not_found_timeout,False,False,,400,,[],400,400,,
B3_direct_boundary_train100_seed2729_v1,B3,training_main,unknown_train_m20_0001|2757,unknown_train_m20_0001,2757,2757,not_found_timeout,False,False,,400,,[],400,400,,
B3_direct_boundary_train100_seed2729_v1,B3,training_main,unknown_train_m20_0001|2758,unknown_train_m20_0001,2758,2758,not_found_collision,False,False,,35,Search,[3],35,34,,
B3_direct_boundary_train100_seed2729_v1,B3,training_main,unknown_train_m20_0001|2759,unknown_train_m20_0001,2759,2759,not_found_timeout,False,False,,400,,[],400,400,,
B3_direct_boundary_train100_seed2729_v1,B3,training_main,unknown_train_m20_0001|2760,unknown_train_m20_0001,2760,2760,not_found_collision,False,False,,36,Search,[0],36,35,,
B3_direct_boundary_train100_seed2729_v1,B3,training_main,unknown_train_m20_0001|2761,unknown_train_m20_0001,2761,2761,not_found_timeout,False,False,,400,,[],400,400,,
B3_direct_boundary_train100_seed2729_v1,B3,training_main,unknown_train_m20_0001|2762,unknown_train_m20_0001,2762,2762,not_found_timeout,False,False,,400,,[],400,400,,
B3_direct_boundary_train100_seed2729_v1,B3,training_main,unknown_train_m20_0001|2763,unknown_train_m20_0001,2763,2763,found_timeout,True,False,29,400,,[],29,29,,
B3_direct_boundary_train100_seed2729_v1,B3,training_main,unknown_train_m20_0001|2764,unknown_train_m20_0001,2764,2764,found_timeout,True,False,1,400,,[],1,1,,
B3_direct_boundary_train100_seed2729_v1,B3,training_main,unknown_train_m20_0001|2765,unknown_train_m20_0001,2765,2765,not_found_timeout,False,False,,400,,[],400,400,,
B3_direct_boundary_train100_seed2729_v1,B3,training_main,unknown_train_m20_0001|2766,unknown_train_m20_0001,2766,2766,not_found_timeout,False,False,,400,,[],400,400,,
B3_direct_boundary_train100_seed2729_v1,B3,training_main,unknown_train_m20_0001|2767,unknown_train_m20_0001,2767,2767,not_found_timeout,False,False,,400,,[],400,400,,
B3_direct_boundary_train100_seed2729_v1,B3,training_main,unknown_train_m20_0001|2768,unknown_train_m20_0001,2768,2768,not_found_timeout,False,False,,400,,[],400,400,,
B3_direct_boundary_train100_seed2729_v1,B3,training_main,unknown_train_m20_0001|2769,unknown_train_m20_0001,2769,2769,not_found_collision,False,False,,28,Search,[1],28,27,,
B3_direct_boundary_train100_seed2729_v1,B3,training_main,unknown_train_m20_0001|2770,unknown_train_m20_0001,2770,2770,found_collision,True,False,19,287,Intercept,[3],19,19,,
B3_direct_boundary_train100_seed2729_v1,B3,training_main,unknown_train_m20_0001|2771,unknown_train_m20_0001,2771,2771,found_timeout,True,False,1,400,,[],1,1,,
B3_direct_boundary_train100_seed2729_v1,B3,training_main,unknown_train_m20_0001|2772,unknown_train_m20_0001,2772,2772,not_found_collision,False,False,,84,Search,[1],84,83,,
B3_direct_boundary_train100_seed2729_v1,B3,training_main,unknown_train_m20_0001|2773,unknown_train_m20_0001,2773,2773,not_found_timeout,False,False,,400,,[],400,400,,
B3_direct_boundary_train100_seed2729_v1,B3,training_main,unknown_train_m20_0001|2774,unknown_train_m20_0001,2774,2774,not_found_collision,False,False,,22,Search,[3],22,21,,
B3_direct_boundary_train100_seed2729_v1,B3,training_main,unknown_train_m20_0001|2775,unknown_train_m20_0001,2775,2775,not_found_collision,False,False,,43,Search,[1],43,42,,
B3_direct_boundary_train100_seed2729_v1,B3,training_main,unknown_train_m20_0001|2776,unknown_train_m20_0001,2776,2776,found_timeout,True,False,21,400,,[],21,21,,
B3_direct_boundary_train100_seed2729_v1,B3,training_main,unknown_train_m20_0001|2777,unknown_train_m20_0001,2777,2777,found_timeout,True,False,28,400,,[],28,28,,
B3_direct_boundary_train100_seed2729_v1,B3,training_main,unknown_train_m20_0001|2778,unknown_train_m20_0001,2778,2778,not_found_collision,False,False,,72,Search,[2],72,71,,
B3_direct_boundary_train100_seed2729_v1,B3,training_main,unknown_train_m20_0001|2779,unknown_train_m20_0001,2779,2779,found_timeout,True,False,27,400,,[],27,27,,
B3_direct_boundary_train100_seed2729_v1,B3,training_main,unknown_train_m20_0001|2780,unknown_train_m20_0001,2780,2780,not_found_collision,False,False,,39,Search,[2],39,38,,
B3_direct_boundary_train100_seed2729_v1,B3,training_main,unknown_train_m20_0001|2781,unknown_train_m20_0001,2781,2781,found_timeout,True,False,210,400,,[],210,210,,
B3_direct_boundary_train100_seed2729_v1,B3,training_main,unknown_train_m20_0001|2782,unknown_train_m20_0001,2782,2782,not_found_timeout,False,False,,400,,[],400,400,,
B3_direct_boundary_train100_seed2729_v1,B3,training_main,unknown_train_m20_0001|2783,unknown_train_m20_0001,2783,2783,found_timeout,True,False,12,400,,[],12,12,,
B3_direct_boundary_train100_seed2729_v1,B3,training_main,unknown_train_m20_0001|2784,unknown_train_m20_0001,2784,2784,found_timeout,True,False,52,400,,[],52,52,,
B3_direct_boundary_train100_seed2729_v1,B3,training_main,unknown_train_m20_0001|2785,unknown_train_m20_0001,2785,2785,found_timeout,True,False,388,400,,[],388,388,,
B3_direct_boundary_train100_seed2729_v1,B3,training_main,unknown_train_m20_0001|2786,unknown_train_m20_0001,2786,2786,not_found_collision,False,False,,21,Search,[1],21,20,,
B3_direct_boundary_train100_seed2729_v1,B3,training_main,unknown_train_m20_0001|2787,unknown_train_m20_0001,2787,2787,not_found_timeout,False,False,,400,,[],400,400,,
B3_direct_boundary_train100_seed2729_v1,B3,training_main,unknown_train_m20_0001|2788,unknown_train_m20_0001,2788,2788,not_found_timeout,False,False,,400,,[],400,400,,
B3_direct_boundary_train100_seed2729_v1,B3,training_main,unknown_train_m20_0001|2789,unknown_train_m20_0001,2789,2789,not_found_timeout,False,False,,400,,[],400,400,,
B3_direct_boundary_train100_seed2729_v1,B3,training_main,unknown_train_m20_0001|2790,unknown_train_m20_0001,2790,2790,not_found_timeout,False,False,,400,,[],400,400,,
B3_direct_boundary_train100_seed2729_v1,B3,training_main,unknown_train_m20_0001|2791,unknown_train_m20_0001,2791,2791,not_found_collision,False,False,,31,Search,[2],31,30,,
B3_direct_boundary_train100_seed2729_v1,B3,training_main,unknown_train_m20_0001|2792,unknown_train_m20_0001,2792,2792,not_found_collision,False,False,,23,Search,[0],23,22,,
B3_direct_boundary_train100_seed2729_v1,B3,training_main,unknown_train_m20_0001|2793,unknown_train_m20_0001,2793,2793,found_success,True,True,226,373,,[],226,226,,
B3_direct_boundary_train100_seed2729_v1,B3,training_main,unknown_train_m20_0001|2794,unknown_train_m20_0001,2794,2794,not_found_timeout,False,False,,400,,[],400,400,,
B3_direct_boundary_train100_seed2729_v1,B3,training_main,unknown_train_m20_0001|2795,unknown_train_m20_0001,2795,2795,found_timeout,True,False,372,400,,[],372,372,,
B3_direct_boundary_train100_seed2729_v1,B3,training_main,unknown_train_m20_0001|2796,unknown_train_m20_0001,2796,2796,not_found_timeout,False,False,,400,,[],400,400,,
B3_direct_boundary_train100_seed2729_v1,B3,training_main,unknown_train_m20_0001|2797,unknown_train_m20_0001,2797,2797,not_found_timeout,False,False,,400,,[],400,400,,
B3_direct_boundary_train100_seed2729_v1,B3,training_main,unknown_train_m20_0001|2798,unknown_train_m20_0001,2798,2798,not_found_timeout,False,False,,400,,[],400,400,,
B3_direct_boundary_train100_seed2729_v1,B3,training_main,unknown_train_m20_0001|2799,unknown_train_m20_0001,2799,2799,found_timeout,True,False,3,400,,[],3,3,,
B3_direct_boundary_train100_seed2729_v1,B3,training_main,unknown_train_m20_0001|2800,unknown_train_m20_0001,2800,2800,not_found_collision,False,False,,183,Search,[0],183,182,,
B3_direct_boundary_train100_seed2729_v1,B3,training_main,unknown_train_m20_0001|2801,unknown_train_m20_0001,2801,2801,not_found_collision,False,False,,38,Search,[1],38,37,,
B3_direct_boundary_train100_seed2729_v1,B3,training_main,unknown_train_m20_0001|2802,unknown_train_m20_0001,2802,2802,not_found_timeout,False,False,,400,,[],400,400,,
B3_direct_boundary_train100_seed2729_v1,B3,training_main,unknown_train_m20_0001|2803,unknown_train_m20_0001,2803,2803,not_found_timeout,False,False,,400,,[],400,400,,
B3_direct_boundary_train100_seed2729_v1,B3,training_main,unknown_train_m20_0001|2804,unknown_train_m20_0001,2804,2804,found_timeout,True,False,34,400,,[],34,34,,
B3_direct_boundary_train100_seed2729_v1,B3,training_main,unknown_train_m20_0001|2805,unknown_train_m20_0001,2805,2805,not_found_timeout,False,False,,400,,[],400,400,,
B3_direct_boundary_train100_seed2729_v1,B3,training_main,unknown_train_m20_0001|2806,unknown_train_m20_0001,2806,2806,found_timeout,True,False,124,400,,[],124,124,,
B3_direct_boundary_train100_seed2729_v1,B3,training_main,unknown_train_m20_0001|2807,unknown_train_m20_0001,2807,2807,found_timeout,True,False,387,400,,[],387,387,,
B3_direct_boundary_train100_seed2729_v1,B3,training_main,unknown_train_m20_0001|2808,unknown_train_m20_0001,2808,2808,not_found_timeout,False,False,,400,,[],400,400,,
B3_direct_boundary_train100_seed2729_v1,B3,training_main,unknown_train_m20_0001|2809,unknown_train_m20_0001,2809,2809,not_found_timeout,False,False,,400,,[],400,400,,
B3_direct_boundary_train100_seed2729_v1,B3,training_main,unknown_train_m20_0001|2810,unknown_train_m20_0001,2810,2810,found_timeout,True,False,24,400,,[],24,24,,
B3_direct_boundary_train100_seed2729_v1,B3,training_main,unknown_train_m20_0001|2811,unknown_train_m20_0001,2811,2811,not_found_collision,False,False,,40,Search,[1],40,39,,
B3_direct_boundary_train100_seed2729_v1,B3,training_main,unknown_train_m20_0001|2812,unknown_train_m20_0001,2812,2812,not_found_timeout,False,False,,400,,[],400,400,,
B3_direct_boundary_train100_seed2729_v1,B3,training_main,unknown_train_m20_0001|2813,unknown_train_m20_0001,2813,2813,found_timeout,True,False,76,400,,[],76,76,,
B3_direct_boundary_train100_seed2729_v1,B3,training_main,unknown_train_m20_0001|2814,unknown_train_m20_0001,2814,2814,not_found_collision,False,False,,51,Search,[2],51,50,,
B3_direct_boundary_train100_seed2729_v1,B3,training_main,unknown_train_m20_0001|2815,unknown_train_m20_0001,2815,2815,not_found_timeout,False,False,,400,,[],400,400,,
B3_direct_boundary_train100_seed2729_v1,B3,training_main,unknown_train_m20_0001|2816,unknown_train_m20_0001,2816,2816,not_found_timeout,False,False,,400,,[],400,400,,
B3_direct_boundary_train100_seed2729_v1,B3,training_main,unknown_train_m20_0001|2817,unknown_train_m20_0001,2817,2817,found_timeout,True,False,37,400,,[],37,37,,
B3_direct_boundary_train100_seed2729_v1,B3,training_main,unknown_train_m20_0001|2818,unknown_train_m20_0001,2818,2818,found_timeout,True,False,255,400,,[],255,255,,
B3_direct_boundary_train100_seed2729_v1,B3,training_main,unknown_train_m20_0001|2819,unknown_train_m20_0001,2819,2819,not_found_timeout,False,False,,400,,[],400,400,,
B3_direct_boundary_train100_seed2729_v1,B3,training_main,unknown_train_m20_0001|2820,unknown_train_m20_0001,2820,2820,found_timeout,True,False,1,400,,[],1,1,,
B3_direct_boundary_train100_seed2729_v1,B3,training_main,unknown_train_m20_0001|2821,unknown_train_m20_0001,2821,2821,found_success,True,True,58,116,,[],58,58,,
B3_direct_boundary_train100_seed2729_v1,B3,training_main,unknown_train_m20_0001|2822,unknown_train_m20_0001,2822,2822,not_found_timeout,False,False,,400,,[],400,400,,
B3_direct_boundary_train100_seed2729_v1,B3,training_main,unknown_train_m20_0001|2823,unknown_train_m20_0001,2823,2823,found_collision,True,False,340,348,Intercept,[3],340,340,,
B3_direct_boundary_train100_seed2729_v1,B3,training_main,unknown_train_m20_0001|2824,unknown_train_m20_0001,2824,2824,found_timeout,True,False,2,400,,[],2,2,,
B3_direct_boundary_train100_seed2729_v1,B3,training_main,unknown_train_m20_0001|2825,unknown_train_m20_0001,2825,2825,not_found_timeout,False,False,,400,,[],400,400,,
B3_direct_boundary_train100_seed2729_v1,B3,training_main,unknown_train_m20_0001|2826,unknown_train_m20_0001,2826,2826,found_timeout,True,False,63,400,,[],63,63,,
B3_direct_boundary_train100_seed2729_v1,B3,training_main,unknown_train_m20_0001|2827,unknown_train_m20_0001,2827,2827,found_timeout,True,False,9,400,,[],9,9,,
B3_direct_boundary_train100_seed2729_v1,B3,training_main,unknown_train_m20_0001|2828,unknown_train_m20_0001,2828,2828,not_found_timeout,False,False,,400,,[],400,400,,
B3_direct_boundary_train100_seed2729_v1,B3,training_main,unknown_train_m20_0001|2829,unknown_train_m20_0001,2829,2829,not_found_timeout,False,False,,400,,[],400,400,,
B3_direct_boundary_smoke_seed2729_v1,B3,training_smoke,unknown_train_m20_0001|2730,unknown_train_m20_0001,2730,2730,not_found_collision,False,False,,18,Search,[1],18,17,,
B3_direct_boundary_smoke_seed2729_v1,B3,training_smoke,unknown_train_m20_0001|2731,unknown_train_m20_0001,2731,2731,not_found_collision,False,False,,142,Search,[0],142,141,,
B3_direct_boundary_smoke_seed2729_v1,B3,training_smoke,unknown_train_m20_0001|2732,unknown_train_m20_0001,2732,2732,found_success,True,True,18,159,,[],18,18,,
B3_direct_boundary_smoke_seed2729_v1,B3,training_smoke,unknown_train_m20_0001|2733,unknown_train_m20_0001,2733,2733,found_timeout,True,False,43,400,,[],43,43,,
B3_direct_boundary_smoke_seed2729_v1,B3,training_smoke,unknown_train_m20_0001|2734,unknown_train_m20_0001,2734,2734,found_timeout,True,False,109,400,,[],109,109,,
B3_direct_boundary_smoke_seed2729_v1,B3,training_smoke,unknown_train_m20_0001|2735,unknown_train_m20_0001,2735,2735,found_timeout,True,False,1,400,,[],1,1,,
B3_direct_boundary_smoke_seed2729_v1,B3,training_smoke,unknown_train_m20_0001|2736,unknown_train_m20_0001,2736,2736,not_found_timeout,False,False,,400,,[],400,400,,
B3_direct_boundary_smoke_seed2729_v1,B3,training_smoke,unknown_train_m20_0001|2737,unknown_train_m20_0001,2737,2737,not_found_collision,False,False,,360,Search,[2],360,359,,
B3_direct_boundary_smoke_seed2729_v1,B3,training_smoke,unknown_train_m20_0001|2738,unknown_train_m20_0001,2738,2738,not_found_timeout,False,False,,400,,[],400,400,,
B3_direct_boundary_smoke_seed2729_v1,B3,training_smoke,unknown_train_m20_0001|2739,unknown_train_m20_0001,2739,2739,not_found_timeout,False,False,,400,,[],400,400,,
HGR-train100_seed2729_v1,HGR,training_main,seed:2729/stream:9/main/scenario,unknown_train_m20_0001,5912214805561395480,,not_found_collision,False,False,,40,Search,[1],40,39,,
HGR-train100_seed2729_v1,HGR,training_main,seed:2729/stream:11/main/scenario,unknown_train_m20_0001,1474556875830114936,,found_timeout,True,False,1,400,,[],1,1,,
HGR-train100_seed2729_v1,HGR,training_main,seed:2729/stream:13/main/scenario,unknown_train_m20_0001,7633267013651211987,,not_found_timeout,False,False,,400,,[],400,400,,
HGR-train100_seed2729_v1,HGR,training_main,seed:2729/stream:15/main/scenario,unknown_train_m20_0001,3093232652351940293,,found_timeout,True,False,1,400,,[],1,1,,
HGR-train100_seed2729_v1,HGR,training_main,seed:2729/stream:17/main/scenario,unknown_train_m20_0001,2392525537538441354,,not_found_timeout,False,False,,400,,[],400,400,,
HGR-train100_seed2729_v1,HGR,training_main,seed:2729/stream:19/main/scenario,unknown_train_m20_0001,5606884085866690106,,found_success,True,True,73,136,,[],73,73,,
HGR-train100_seed2729_v1,HGR,training_main,seed:2729/stream:21/main/scenario,unknown_train_m20_0001,1136704995029930050,,found_timeout,True,False,32,400,,[],32,32,,
HGR-train100_seed2729_v1,HGR,training_main,seed:2729/stream:23/main/scenario,unknown_train_m20_0001,6219609984474417569,,not_found_collision,False,False,,12,Search,[0],12,11,,
HGR-train100_seed2729_v1,HGR,training_main,seed:2729/stream:25/main/scenario,unknown_train_m20_0001,8421764409126936642,,found_timeout,True,False,10,400,,[],10,10,,
HGR-train100_seed2729_v1,HGR,training_main,seed:2729/stream:27/main/scenario,unknown_train_m20_0001,339971504005090002,,found_timeout,True,False,145,400,,[],145,145,,
HGR-train100_seed2729_v1,HGR,training_main,seed:2729/stream:29/main/scenario,unknown_train_m20_0001,6825169000269474883,,not_found_timeout,False,False,,400,,[],400,400,,
HGR-train100_seed2729_v1,HGR,training_main,seed:2729/stream:31/main/scenario,unknown_train_m20_0001,705186048472311624,,not_found_collision,False,False,,20,Search,[0],20,19,,
HGR-train100_seed2729_v1,HGR,training_main,seed:2729/stream:33/main/scenario,unknown_train_m20_0001,6539250157788967341,,not_found_collision,False,False,,19,Search,[3],19,18,,
HGR-train100_seed2729_v1,HGR,training_main,seed:2729/stream:35/main/scenario,unknown_train_m20_0001,8262301312351582439,,not_found_timeout,False,False,,400,,[],400,400,,
HGR-train100_seed2729_v1,HGR,training_main,seed:2729/stream:37/main/scenario,unknown_train_m20_0001,6909313960459556360,,found_timeout,True,False,1,400,,[],1,1,,
HGR-train100_seed2729_v1,HGR,training_main,seed:2729/stream:39/main/scenario,unknown_train_m20_0001,3773831578995732938,,found_timeout,True,False,85,400,,[],85,85,,
HGR-train100_seed2729_v1,HGR,training_main,seed:2729/stream:83/main/scenario,unknown_train_m20_0001,6602373016072491064,,found_timeout,True,False,42,400,,[],42,42,,
HGR-train100_seed2729_v1,HGR,training_main,seed:2729/stream:85/main/scenario,unknown_train_m20_0001,1374075612450247155,,not_found_timeout,False,False,,400,,[],400,400,,
HGR-train100_seed2729_v1,HGR,training_main,seed:2729/stream:87/main/scenario,unknown_train_m20_0001,8821818962336014657,,not_found_timeout,False,False,,400,,[],400,400,,
HGR-train100_seed2729_v1,HGR,training_main,seed:2729/stream:89/main/scenario,unknown_train_m20_0001,2335483478180913538,,not_found_collision,False,False,,39,Search,[2],39,38,,
HGR-train100_seed2729_v1,HGR,training_main,seed:2729/stream:91/main/scenario,unknown_train_m20_0001,3485416445022362662,,not_found_timeout,False,False,,400,,[],400,400,,
HGR-train100_seed2729_v1,HGR,training_main,seed:2729/stream:93/main/scenario,unknown_train_m20_0001,7405375367436938677,,not_found_collision,False,False,,202,Search,[3],202,201,,
HGR-train100_seed2729_v1,HGR,training_main,seed:2729/stream:95/main/scenario,unknown_train_m20_0001,6947032594660247588,,not_found_timeout,False,False,,400,,[],400,400,,
HGR-train100_seed2729_v1,HGR,training_main,seed:2729/stream:97/main/scenario,unknown_train_m20_0001,1868756614771599879,,not_found_timeout,False,False,,400,,[],400,400,,
HGR-train100_seed2729_v1,HGR,training_main,seed:2729/stream:99/main/scenario,unknown_train_m20_0001,1917305855849894418,,found_timeout,True,False,318,400,,[],318,318,,
HGR-train100_seed2729_v1,HGR,training_main,seed:2729/stream:101/main/scenario,unknown_train_m20_0001,6776936720228580593,,found_timeout,True,False,62,400,,[],62,62,,
HGR-train100_seed2729_v1,HGR,training_main,seed:2729/stream:103/main/scenario,unknown_train_m20_0001,8015861254183425931,,found_timeout,True,False,338,400,,[],338,338,,
HGR-train100_seed2729_v1,HGR,training_main,seed:2729/stream:105/main/scenario,unknown_train_m20_0001,6178297486445740907,,not_found_timeout,False,False,,400,,[],400,400,,
HGR-train100_seed2729_v1,HGR,training_main,seed:2729/stream:107/main/scenario,unknown_train_m20_0001,3690135693662739789,,found_timeout,True,False,144,400,,[],144,144,,
HGR-train100_seed2729_v1,HGR,training_main,seed:2729/stream:109/main/scenario,unknown_train_m20_0001,3200224588385460035,,not_found_timeout,False,False,,400,,[],400,400,,
HGR-train100_seed2729_v1,HGR,training_main,seed:2729/stream:111/main/scenario,unknown_train_m20_0001,1195711817951470876,,not_found_timeout,False,False,,400,,[],400,400,,
HGR-train100_seed2729_v1,HGR,training_main,seed:2729/stream:113/main/scenario,unknown_train_m20_0001,823639590010466890,,not_found_timeout,False,False,,400,,[],400,400,,
HGR-train100_seed2729_v1,HGR,training_main,seed:2729/stream:153/main/scenario,unknown_train_m20_0001,44404138014172976,,found_timeout,True,False,1,400,,[],1,1,,
HGR-train100_seed2729_v1,HGR,training_main,seed:2729/stream:155/main/scenario,unknown_train_m20_0001,2285155186769257269,,not_found_collision,False,False,,37,Search,[2],37,36,,
HGR-train100_seed2729_v1,HGR,training_main,seed:2729/stream:157/main/scenario,unknown_train_m20_0001,1364439872156464863,,not_found_timeout,False,False,,400,,[],400,400,,
HGR-train100_seed2729_v1,HGR,training_main,seed:2729/stream:159/main/scenario,unknown_train_m20_0001,1515681639752896509,,not_found_collision,False,False,,10,Search,[0],10,9,,
HGR-train100_seed2729_v1,HGR,training_main,seed:2729/stream:161/main/scenario,unknown_train_m20_0001,2903912298220771250,,not_found_timeout,False,False,,400,,[],400,400,,
HGR-train100_seed2729_v1,HGR,training_main,seed:2729/stream:163/main/scenario,unknown_train_m20_0001,3853094204660048963,,not_found_timeout,False,False,,400,,[],400,400,,
HGR-train100_seed2729_v1,HGR,training_main,seed:2729/stream:165/main/scenario,unknown_train_m20_0001,3121372125687826059,,found_timeout,True,False,237,400,,[],237,237,,
HGR-train100_seed2729_v1,HGR,training_main,seed:2729/stream:167/main/scenario,unknown_train_m20_0001,6233649590837769750,,not_found_timeout,False,False,,400,,[],400,400,,
HGR-train100_seed2729_v1,HGR,training_main,seed:2729/stream:169/main/scenario,unknown_train_m20_0001,9117417989205508221,,found_success,True,True,219,382,,[],219,219,,
HGR-train100_seed2729_v1,HGR,training_main,seed:2729/stream:171/main/scenario,unknown_train_m20_0001,6110339199733460422,,found_timeout,True,False,150,400,,[],150,150,,
HGR-train100_seed2729_v1,HGR,training_main,seed:2729/stream:173/main/scenario,unknown_train_m20_0001,3692133283908394926,,not_found_collision,False,False,,19,Search,[0],19,18,,
HGR-train100_seed2729_v1,HGR,training_main,seed:2729/stream:175/main/scenario,unknown_train_m20_0001,8167824630331696225,,found_timeout,True,False,46,400,,[],46,46,,
HGR-train100_seed2729_v1,HGR,training_main,seed:2729/stream:177/main/scenario,unknown_train_m20_0001,6531391931128606038,,found_success,True,True,77,354,,[],77,77,,
HGR-train100_seed2729_v1,HGR,training_main,seed:2729/stream:179/main/scenario,unknown_train_m20_0001,3210048395083199004,,not_found_timeout,False,False,,400,,[],400,400,,
HGR-train100_seed2729_v1,HGR,training_main,seed:2729/stream:181/main/scenario,unknown_train_m20_0001,1824001831076209036,,not_found_timeout,False,False,,400,,[],400,400,,
HGR-train100_seed2729_v1,HGR,training_main,seed:2729/stream:183/main/scenario,unknown_train_m20_0001,7260215382661986449,,not_found_timeout,False,False,,400,,[],400,400,,
HGR-train100_seed2729_v1,HGR,training_main,seed:2729/stream:225/main/scenario,unknown_train_m20_0001,2349346188292682597,,found_timeout,True,False,1,400,,[],1,1,,
HGR-train100_seed2729_v1,HGR,training_main,seed:2729/stream:227/main/scenario,unknown_train_m20_0001,8198494561409314006,,not_found_collision,False,False,,122,Search,[0],122,121,,
HGR-train100_seed2729_v1,HGR,training_main,seed:2729/stream:229/main/scenario,unknown_train_m20_0001,2102303636375239628,,found_timeout,True,False,1,400,,[],1,1,,
HGR-train100_seed2729_v1,HGR,training_main,seed:2729/stream:231/main/scenario,unknown_train_m20_0001,7932953391245927819,,found_timeout,True,False,106,400,,[],106,106,,
HGR-train100_seed2729_v1,HGR,training_main,seed:2729/stream:233/main/scenario,unknown_train_m20_0001,5976296014120962788,,found_success,True,True,14,231,,[],14,14,,
HGR-train100_seed2729_v1,HGR,training_main,seed:2729/stream:235/main/scenario,unknown_train_m20_0001,46316655708401359,,not_found_collision,False,False,,40,Search,[0],40,39,,
HGR-train100_seed2729_v1,HGR,training_main,seed:2729/stream:237/main/scenario,unknown_train_m20_0001,8408017704995077939,,not_found_collision,False,False,,13,Search,[0],13,12,,
HGR-train100_seed2729_v1,HGR,training_main,seed:2729/stream:239/main/scenario,unknown_train_m20_0001,9221767130133069758,,found_success,True,True,17,174,,[],17,17,,
HGR-train100_seed2729_v1,HGR,training_main,seed:2729/stream:241/main/scenario,unknown_train_m20_0001,2621240394954109080,,found_success,True,True,158,228,,[],158,158,,
HGR-train100_seed2729_v1,HGR,training_main,seed:2729/stream:243/main/scenario,unknown_train_m20_0001,1198660331984144550,,found_timeout,True,False,193,400,,[],193,193,,
HGR-train100_seed2729_v1,HGR,training_main,seed:2729/stream:245/main/scenario,unknown_train_m20_0001,5736076870002878353,,not_found_timeout,False,False,,400,,[],400,400,,
HGR-train100_seed2729_v1,HGR,training_main,seed:2729/stream:247/main/scenario,unknown_train_m20_0001,2952673862709088399,,not_found_timeout,False,False,,400,,[],400,400,,
HGR-train100_seed2729_v1,HGR,training_main,seed:2729/stream:249/main/scenario,unknown_train_m20_0001,5397361800867723645,,found_success,True,True,198,249,,[],198,198,,
HGR-train100_seed2729_v1,HGR,training_main,seed:2729/stream:251/main/scenario,unknown_train_m20_0001,8883978731485639198,,found_timeout,True,False,108,400,,[],108,108,,
HGR-train100_seed2729_v1,HGR,training_main,seed:2729/stream:253/main/scenario,unknown_train_m20_0001,6569601810183223621,,found_timeout,True,False,29,400,,[],29,29,,
HGR-train100_seed2729_v1,HGR,training_main,seed:2729/stream:255/main/scenario,unknown_train_m20_0001,7158672930984360729,,not_found_timeout,False,False,,400,,[],400,400,,
HGR-train100_seed2729_v1,HGR,training_main,seed:2729/stream:299/main/scenario,unknown_train_m20_0001,1352111222652855278,,found_timeout,True,False,9,400,,[],9,9,,
HGR-train100_seed2729_v1,HGR,training_main,seed:2729/stream:301/main/scenario,unknown_train_m20_0001,624417489786909858,,found_timeout,True,False,375,400,,[],375,375,,
HGR-train100_seed2729_v1,HGR,training_main,seed:2729/stream:303/main/scenario,unknown_train_m20_0001,3693037824452978119,,found_timeout,True,False,87,400,,[],87,87,,
HGR-train100_seed2729_v1,HGR,training_main,seed:2729/stream:305/main/scenario,unknown_train_m20_0001,1152108261200921466,,found_timeout,True,False,20,400,,[],20,20,,
HGR-train100_seed2729_v1,HGR,training_main,seed:2729/stream:307/main/scenario,unknown_train_m20_0001,9110305521151175687,,found_timeout,True,False,186,400,,[],186,186,,
HGR-train100_seed2729_v1,HGR,training_main,seed:2729/stream:309/main/scenario,unknown_train_m20_0001,1929961147754488901,,found_timeout,True,False,8,400,,[],8,8,,
HGR-train100_seed2729_v1,HGR,training_main,seed:2729/stream:311/main/scenario,unknown_train_m20_0001,5748703245807847886,,found_timeout,True,False,242,400,,[],242,242,,
HGR-train100_seed2729_v1,HGR,training_main,seed:2729/stream:313/main/scenario,unknown_train_m20_0001,7226094259009568376,,not_found_collision,False,False,,192,Search,[0],192,191,,
HGR-train100_seed2729_v1,HGR,training_main,seed:2729/stream:315/main/scenario,unknown_train_m20_0001,8693322721100683069,,not_found_timeout,False,False,,400,,[],400,400,,
HGR-train100_seed2729_v1,HGR,training_main,seed:2729/stream:317/main/scenario,unknown_train_m20_0001,7211250008000688924,,not_found_timeout,False,False,,400,,[],400,400,,
HGR-train100_seed2729_v1,HGR,training_main,seed:2729/stream:319/main/scenario,unknown_train_m20_0001,1227941986186845782,,not_found_timeout,False,False,,400,,[],400,400,,
HGR-train100_seed2729_v1,HGR,training_main,seed:2729/stream:321/main/scenario,unknown_train_m20_0001,3999300559318162302,,not_found_collision,False,False,,59,Search,[2],59,58,,
HGR-train100_seed2729_v1,HGR,training_main,seed:2729/stream:323/main/scenario,unknown_train_m20_0001,7961920636043761601,,not_found_collision,False,False,,18,Search,[3],18,17,,
HGR-train100_seed2729_v1,HGR,training_main,seed:2729/stream:325/main/scenario,unknown_train_m20_0001,4116045402979929617,,found_timeout,True,False,19,400,,[],19,19,,
HGR-train100_seed2729_v1,HGR,training_main,seed:2729/stream:327/main/scenario,unknown_train_m20_0001,543359075787572434,,not_found_collision,False,False,,44,Search,[1],44,43,,
HGR-train100_seed2729_v1,HGR,training_main,seed:2729/stream:329/main/scenario,unknown_train_m20_0001,6381219613923912532,,found_success,True,True,318,355,,[],318,318,,
HGR-train100_seed2729_v1,HGR,training_main,seed:2729/stream:363/main/scenario,unknown_train_m20_0001,1417333353566566209,,found_success,True,True,124,138,,[],124,124,,
HGR-train100_seed2729_v1,HGR,training_main,seed:2729/stream:365/main/scenario,unknown_train_m20_0001,1895463829437103347,,found_collision,True,False,1,127,Intercept,[3],1,1,,
HGR-train100_seed2729_v1,HGR,training_main,seed:2729/stream:367/main/scenario,unknown_train_m20_0001,4572349303853112729,,found_timeout,True,False,148,400,,[],148,148,,
HGR-train100_seed2729_v1,HGR,training_main,seed:2729/stream:369/main/scenario,unknown_train_m20_0001,8227846591455366542,,not_found_timeout,False,False,,400,,[],400,400,,
HGR-train100_seed2729_v1,HGR,training_main,seed:2729/stream:371/main/scenario,unknown_train_m20_0001,7791439284589575171,,found_success,True,True,18,118,,[],18,18,,
HGR-train100_seed2729_v1,HGR,training_main,seed:2729/stream:373/main/scenario,unknown_train_m20_0001,9002086134572981282,,not_found_collision,False,False,,20,Search,[0],20,19,,
HGR-train100_seed2729_v1,HGR,training_main,seed:2729/stream:375/main/scenario,unknown_train_m20_0001,3413109664370173248,,found_collision,True,False,53,314,Intercept,[3],53,53,,
HGR-train100_seed2729_v1,HGR,training_main,seed:2729/stream:377/main/scenario,unknown_train_m20_0001,7002717856273977392,,not_found_collision,False,False,,19,Search,[1],19,18,,
HGR-train100_seed2729_v1,HGR,training_main,seed:2729/stream:379/main/scenario,unknown_train_m20_0001,3420824442459156573,,not_found_collision,False,False,,23,Search,[0],23,22,,
HGR-train100_seed2729_v1,HGR,training_main,seed:2729/stream:381/main/scenario,unknown_train_m20_0001,8719185740583921110,,not_found_timeout,False,False,,400,,[],400,400,,
HGR-train100_seed2729_v1,HGR,training_main,seed:2729/stream:383/main/scenario,unknown_train_m20_0001,5478581875466833856,,not_found_collision,False,False,,54,Search,[3],54,53,,
HGR-train100_seed2729_v1,HGR,training_main,seed:2729/stream:385/main/scenario,unknown_train_m20_0001,6370881747650528643,,not_found_collision,False,False,,31,Search,[2],31,30,,
HGR-train100_seed2729_v1,HGR,training_main,seed:2729/stream:387/main/scenario,unknown_train_m20_0001,4631437572409447374,,not_found_timeout,False,False,,400,,[],400,400,,
HGR-train100_seed2729_v1,HGR,training_main,seed:2729/stream:389/main/scenario,unknown_train_m20_0001,7052147155873759662,,not_found_collision,False,False,,26,Search,[2],26,25,,
HGR-train100_seed2729_v1,HGR,training_main,seed:2729/stream:391/main/scenario,unknown_train_m20_0001,9119955925061843768,,not_found_timeout,False,False,,400,,[],400,400,,
HGR-train100_seed2729_v1,HGR,training_main,seed:2729/stream:393/main/scenario,unknown_train_m20_0001,8750446043732134405,,found_timeout,True,False,48,400,,[],48,48,,
HGR-train100_seed2729_v1,HGR,training_main,seed:2729/stream:433/main/scenario,unknown_train_m20_0001,1218958100331552015,,found_success,True,True,219,253,,[],219,219,,
HGR-train100_seed2729_v1,HGR,training_main,seed:2729/stream:435/main/scenario,unknown_train_m20_0001,8335732400003023508,,not_found_collision,False,False,,42,Search,[1],42,41,,
HGR-train100_seed2729_v1,HGR,training_main,seed:2729/stream:437/main/scenario,unknown_train_m20_0001,6150156740633701213,,found_success,True,True,249,271,,[],249,249,,
HGR-train100_seed2729_v1,HGR,training_main,seed:2729/stream:439/main/scenario,unknown_train_m20_0001,5280996976290632792,,not_found_timeout,False,False,,400,,[],400,400,,
