accepted_replan_count,collision_count,completion_step,completion_time_truncated,episode_index,event_counts,executor_arrival_step,executor_invalid_count,formal_training_run,found_step,max_steps,maximum_switch_distance,mean_replan_interval,mean_switch_distance,method,obstacle_event_count,obstacle_route_impacted_count,optimizer_invocation_count,partial_reallocation_attempt_count,partial_reallocation_success_count,partial_reallocation_success_rate,path_tracking_error,post_found_executor_delay_truncated,reject_reason_counts,rejected_replan_count,replan_count,runtime_seconds,same_agent_switch_within_10_steps,scenario_id,scenario_seed,status,steps_completed,success,target_found_time_truncated,target_route_source_counts,total_switch_distance,waypoint_stale_count,waypoint_switch_count
0,2,,400,0,{},,0,False,,400,0.0,400.0,0.0,No-BSER-static,0,0,0,0,0,0.0,8.080669534160215,400,{},0,0,944.5829234000003,0,unknown_validation_m20_0001,2729,OK,400,False,400,{},0.0,0,0
0,253,,400,1,{},,0,False,,400,0.0,400.0,0.0,No-BSER-static,0,0,0,0,0,0.0,6.457711467381516,400,{},0,0,923.9375,0,unknown_validation_m20_0001,2729,OK,400,False,400,{},0.0,0,0
0,0,,400,2,{},,0,False,311,400,0.0,400.0,0.0,No-BSER-static,0,0,0,0,0,0.0,4.247318459341526,89,{},0,0,872.4226724999999,0,unknown_validation_m20_0001,2729,OK,400,False,311,{},0.0,0,0
0,234,,400,3,{},,0,False,,400,0.0,400.0,0.0,No-BSER-static,0,0,0,0,0,0.0,4.062827872677827,400,{},0,0,630.8724220000004,0,unknown_validation_m20_0001,2729,OK,400,False,400,{},0.0,0,0
0,0,,400,0,{},,0,False,,400,0.0,400.0,0.0,No-BSER-static,0,0,0,0,0,0.0,3.8598923497012425,400,{},0,0,964.2642053999998,0,unknown_validation_m20_0002,2730,OK,400,False,400,{},0.0,0,0
0,0,,400,1,{},,0,False,,400,0.0,400.0,0.0,No-BSER-static,0,0,0,0,0,0.0,3.891264334806184,400,{},0,0,946.2307793999989,0,unknown_validation_m20_0002,2730,OK,400,False,400,{},0.0,0,0
0,0,,400,2,{},,0,False,,400,0.0,400.0,0.0,No-BSER-static,0,0,0,0,0,0.0,5.964237334195294,400,{},0,0,951.7379127999993,0,unknown_validation_m20_0002,2730,OK,400,False,400,{},0.0,0,0
0,0,,400,3,{},,0,False,,400,0.0,400.0,0.0,No-BSER-static,0,0,0,0,0,0.0,5.922807427465859,400,{},0,0,965.1747148000013,0,unknown_validation_m20_0002,2730,OK,400,False,400,{},0.0,0,0
0,0,273,273,0,{},,0,False,145,400,0.0,400.0,0.0,No-BSER-static,0,0,0,0,0,0.0,3.8954104841593304,255,{},0,0,477.30369509999946,0,unknown_validation_m20_0003,2731,OK,273,True,145,{},0.0,0,0
0,0,273,273,1,{},,0,False,145,400,0.0,400.0,0.0,No-BSER-static,0,0,0,0,0,0.0,3.8954915179686274,255,{},0,0,472.0832805000009,0,unknown_validation_m20_0003,2731,OK,273,True,145,{},0.0,0,0
0,0,238,238,2,{},,0,False,120,400,0.0,400.0,0.0,No-BSER-static,0,0,0,0,0,0.0,4.002786155108478,280,{},0,0,420.39212299999963,0,unknown_validation_m20_0003,2731,OK,238,True,120,{},0.0,0,0
0,0,,400,3,{},,0,False,142,400,0.0,400.0,0.0,No-BSER-static,0,0,0,0,0,0.0,5.658474847953421,258,{},0,0,640.5018221999999,0,unknown_validation_m20_0003,2731,OK,400,False,142,{},0.0,0,0
0,0,,400,0,{},,0,False,,400,0.0,400.0,0.0,No-BSER-static,0,0,0,0,0,0.0,5.021712364230318,400,{},0,0,997.9746054000007,0,unknown_validation_m20_0004,2732,OK,400,False,400,{},0.0,0,0
0,0,,400,1,{},,0,False,,400,0.0,400.0,0.0,No-BSER-static,0,0,0,0,0,0.0,5.162340376697854,400,{},0,0,965.3738341000007,0,unknown_validation_m20_0004,2732,OK,400,False,400,{},0.0,0,0
0,0,,400,2,{},,0,False,,400,0.0,400.0,0.0,No-BSER-static,0,0,0,0,0,0.0,4.724502347056745,400,{},0,0,654.3661646,0,unknown_validation_m20_0004,2732,OK,400,False,400,{},0.0,0,0
0,0,,400,3,{},,0,False,,400,0.0,400.0,0.0,No-BSER-static,0,0,0,0,0,0.0,5.1509974770985965,400,{},0,0,997.495832800003,0,unknown_validation_m20_0004,2732,OK,400,False,400,{},0.0,0,0
0,0,,400,0,{},,0,False,1,400,0.0,400.0,0.0,No-BSER-static,0,0,0,0,0,0.0,1.6392112687244724,399,{},0,0,633.4021037999992,0,unknown_validation_m20_0005,2733,OK,400,False,1,{},0.0,0,0
0,0,,400,1,{},,0,False,1,400,0.0,400.0,0.0,No-BSER-static,0,0,0,0,0,0.0,1.6391993480028462,399,{},0,0,634.0917229000006,0,unknown_validation_m20_0005,2733,OK,400,False,1,{},0.0,0,0
0,0,,400,2,{},,0,False,1,400,0.0,400.0,0.0,No-BSER-static,0,0,0,0,0,0.0,1.639192378266972,399,{},0,0,627.5533783999999,0,unknown_validation_m20_0005,2733,OK,400,False,1,{},0.0,0,0
0,0,,400,3,{},,0,False,1,400,0.0,400.0,0.0,No-BSER-static,0,0,0,0,0,0.0,1.639191192632603,399,{},0,0,626.8373773999992,0,unknown_validation_m20_0005,2733,OK,400,False,1,{},0.0,0,0
20,0,,400,0,{},,0,False,,400,17.233687939614086,20.0,6.2093662755509005,Periodic-BSER,0,0,20,0,0,0.0,1.9656438933543379,400,{},0,20,1152.5344059,0,unknown_validation_m20_0001,2729,OK,400,False,400,{},310.468313777545,0,50
20,0,,400,1,{},,0,False,,400,17.233687939614086,20.0,6.057147739115578,Periodic-BSER,0,0,20,0,0,0.0,1.883463401976472,400,{},0,20,985.4408664999992,0,unknown_validation_m20_0001,2729,OK,400,False,400,{},224.1144663472764,0,37
20,238,,400,2,{},,0,False,,400,17.233687939614086,20.0,5.2207074719194795,Periodic-BSER,0,0,20,0,0,0.0,1.9443441691150911,400,{},0,20,866.1213883999999,0,unknown_validation_m20_0001,2729,OK,400,False,400,{},140.95910174182595,0,27
20,238,,400,3,{},,0,False,,400,17.233687939614086,20.0,4.807505962880486,Periodic-BSER,0,0,20,0,0,0.0,1.9733347321885244,400,{},0,20,1014.4515500999996,0,unknown_validation_m20_0001,2729,OK,400,False,400,{},187.49273255233896,0,39
20,0,,400,0,{},,0,False,,400,17.549928774784245,20.0,6.310800416220881,Periodic-BSER,0,0,20,0,0,0.0,2.2083972821711466,400,{},0,20,1051.5278162000004,0,unknown_validation_m20_0002,2730,OK,400,False,400,{},271.3644178974979,0,43
20,0,,400,1,{},,0,False,,400,17.549928774784245,20.0,5.50375133933382,Periodic-BSER,0,0,20,0,0,0.0,2.246021603943927,400,{},0,20,1071.9781886,0,unknown_validation_m20_0002,2730,OK,400,False,400,{},258.67631294868954,0,47
20,0,,400,2,{},,0,False,,400,17.549928774784245,20.0,5.0516854738353585,Periodic-BSER,0,0,20,0,0,0.0,2.2975606432341222,400,{},0,20,1003.9716184000008,0,unknown_validation_m20_0002,2730,OK,400,False,400,{},237.42921727026183,0,47
20,0,,400,3,{},,0,False,,400,17.549928774784245,20.0,6.332944356458161,Periodic-BSER,0,0,20,0,0,0.0,2.102185049488619,400,{},0,20,1067.7354833000009,0,unknown_validation_m20_0002,2730,OK,400,False,400,{},284.98249604061726,0,45
20,0,,400,0,{},,0,False,,400,23.40939982143925,20.0,6.510983904422336,Periodic-BSER,0,0,20,0,0,0.0,2.1131015710890106,400,{},0,20,1011.9588736999995,0,unknown_validation_m20_0003,2731,OK,400,False,400,{},234.39542055920407,0,36
20,0,,400,1,{},,0,False,,400,23.40939982143925,20.0,5.973781046077884,Periodic-BSER,0,0,20,0,0,0.0,2.074373008875274,400,{},0,20,1067.8052406999996,0,unknown_validation_m20_0003,2731,OK,400,False,400,{},191.1609934744923,0,32
14,0,286,286,2,{},280,0,False,136,400,23.40939982143925,20.0,5.09363774267636,Periodic-BSER,0,0,14,0,0,0.0,1.6664076839128799,144,{},0,14,631.6595300999998,0,unknown_validation_m20_0003,2731,OK,286,True,136,"{""standby:y02"": 1, ""standby:y03"": 1}",162.9964077656435,0,32
14,0,286,286,3,{},280,0,False,136,400,23.40939982143925,20.0,5.09363774267636,Periodic-BSER,0,0,14,0,0,0.0,1.666782171712177,144,{},0,14,646.4056712999991,0,unknown_validation_m20_0003,2731,OK,286,True,136,"{""standby:y02"": 1, ""standby:y03"": 1}",162.9964077656435,0,32
20,0,,400,0,{},,0,False,84,400,18.894443627691185,20.0,3.641839609548839,Periodic-BSER,0,0,20,0,0,0.0,1.757790292083937,316,{},0,20,650.7516902999996,0,unknown_validation_m20_0004,2732,OK,400,False,84,"{""no_feasible_candidate_fallback"": 1, ""standby:y02"": 4, ""standby:y03"": 2}",152.95726360105124,0,42
17,0,351,351,1,{},340,0,False,84,400,18.894443627691185,20.0,3.97877188364608,Periodic-BSER,0,0,17,0,0,0.0,1.7831244291780226,256,{},0,17,541.8866470000012,0,unknown_validation_m20_0004,2732,OK,351,True,84,"{""standby:y01"": 1, ""standby:y02"": 3, ""standby:y03"": 2}",151.19333157855104,0,38
20,0,,400,2,{},,0,False,,400,14.45683229480096,20.0,4.357797417158995,Periodic-BSER,0,0,20,0,0,0.0,2.0244829751524995,400,{},0,20,732.7355581999982,0,unknown_validation_m20_0004,2732,OK,400,False,400,{},196.1008837721548,0,45
18,0,362,362,3,{},350,0,False,83,400,18.894443627691185,20.0,3.839741452586606,Periodic-BSER,0,0,18,0,0,0.0,1.7966299475021759,267,{},0,18,622.9956076000017,0,unknown_validation_m20_0004,2732,OK,362,True,83,"{""standby:y02"": 3, ""standby:y03"": 2}",157.42939955605084,0,41
20,0,,400,0,{},,0,False,1,400,21.656407827707714,20.0,3.324007466009456,Periodic-BSER,0,0,20,0,0,0.0,1.0773743277034533,399,{},0,20,1091.0899023999991,0,unknown_validation_m20_0005,2733,OK,400,False,1,"{""standby:y02"": 7, ""standby:y03"": 6}",169.52438076648224,0,51
20,0,,400,1,{},,0,False,1,400,21.656407827707714,20.0,3.229834622942917,Periodic-BSER,0,0,20,0,0,0.0,1.085818051312774,399,{},0,20,994.9514268000021,0,unknown_validation_m20_0005,2733,OK,400,False,1,"{""standby:y02"": 7, ""standby:y03"": 6}",171.1812350159746,0,53
20,0,,400,2,{},,0,False,1,400,21.656407827707714,20.0,7.6372745458122875,Periodic-BSER,0,0,20,0,0,0.0,1.0671767559990994,399,{},0,20,518.5754081000014,0,unknown_validation_m20_0005,2733,OK,400,False,1,"{""no_feasible_candidate_fallback"": 1, ""standby:y02"": 1, ""standby:y03"": 1}",76.37274545812288,0,10
20,0,,400,3,{},,0,False,1,400,21.656407827707714,20.0,7.6372745458122875,Periodic-BSER,0,0,20,0,0,0.0,1.0671649666197658,399,{},0,20,500.5207112999997,0,unknown_validation_m20_0005,2733,OK,400,False,1,"{""no_feasible_candidate_fallback"": 1, ""standby:y02"": 1, ""standby:y03"": 1}",76.37274545812288,0,10
11,0,,400,0,"{""BELIEF_SHIFT"": 6, ""EXECUTOR_INVALID"": 380, ""OBSTACLE_DISCOVERED"": 16, ""PERIODIC_REFRESH"": 4, ""WAYPOINT_STALE"": 382}",,380,False,,400,17.233687939614086,34.54545454545455,6.21799958012004,Event-BSER-phase1b1,16,14,95,94,11,0.11702127659574468,2.639684120830367,400,"{""ATOMIC_REJECT_MISSING_SEARCH_ROUTE"": 81, ""OBSTACLE_OFF_ROUTE"": 2, ""REJECT_EVENT_COOLDOWN"": 301, ""REJECT_INSUFFICIENT_RELATIVE_GAIN"": 1, ""REJECT_NO_ASSIGNMENT_CHANGE"": 2}",387,11,1490.9125516,0,unknown_validation_m20_0001,2729,OK,400,False,400,{},105.70599286204067,382,17
12,0,,400,1,"{""BELIEF_SHIFT"": 7, ""EXECUTOR_INVALID"": 380, ""OBSTACLE_DISCOVERED"": 14, ""PERIODIC_REFRESH"": 4, ""WAYPOINT_STALE"": 380}",,380,False,,400,17.233687939614086,33.333333333333336,5.966862369604886,Event-BSER-phase1b1,14,12,94,92,11,0.11956521739130435,2.2120089235919673,400,"{""ATOMIC_REJECT_MISSING_SEARCH_ROUTE"": 80, ""OBSTACLE_OFF_ROUTE"": 2, ""REJECT_EVENT_COOLDOWN"": 300, ""REJECT_INSUFFICIENT_RELATIVE_GAIN"": 1, ""REJECT_NO_ASSIGNMENT_CHANGE"": 1}",384,12,1340.3805896999993,0,unknown_validation_m20_0001,2729,OK,400,False,400,{},107.40352265288794,380,18
1,0,,400,2,"{""BELIEF_SHIFT"": 5, ""EXECUTOR_INVALID"": 380, ""OBSTACLE_DISCOVERED"": 12, ""PERIODIC_REFRESH"": 4, ""WAYPOINT_STALE"": 399}",,380,False,,400,0.0,20.0,0.0,Event-BSER-phase1b1,12,12,92,92,1,0.010869565217391304,4.680392780212424,400,"{""ATOMIC_REJECT_MISSING_SEARCH_ROUTE"": 91, ""REJECT_EVENT_COOLDOWN"": 308}",399,1,1390.0764349,0,unknown_validation_m20_0001,2729,OK,400,False,400,{},0.0,399,0
1,0,,400,3,"{""BELIEF_SHIFT"": 5, ""EXECUTOR_INVALID"": 380, ""OBSTACLE_DISCOVERED"": 13, ""PERIODIC_REFRESH"": 4, ""WAYPOINT_STALE"": 399}",,380,False,,400,0.0,20.0,0.0,Event-BSER-phase1b1,13,13,93,93,1,0.010752688172043012,4.694462270581048,400,"{""ATOMIC_REJECT_MISSING_SEARCH_ROUTE"": 92, ""REJECT_EVENT_COOLDOWN"": 307}",399,1,1369.7072798,0,unknown_validation_m20_0001,2729,OK,400,False,400,{},0.0,399,0
3,0,,400,0,"{""BELIEF_SHIFT"": 3, ""EXECUTOR_INVALID"": 380, ""OBSTACLE_DISCOVERED"": 3, ""PERIODIC_REFRESH"": 4, ""WAYPOINT_STALE"": 393}",,380,False,,400,17.549928774784245,133.33333333333334,11.254507380040488,Event-BSER-phase1b1,3,1,88,81,1,0.012345679012345678,3.8134780490232107,400,"{""ATOMIC_REJECT_MISSING_SEARCH_ROUTE"": 80, ""NO_REPLAN_EVENT"": 7, ""OBSTACLE_OFF_ROUTE"": 2, ""REJECT_EVENT_COOLDOWN"": 300, ""REJECT_INSUFFICIENT_RELATIVE_GAIN"": 5}",394,3,1235.1312959000006,0,unknown_validation_m20_0002,2730,OK,400,False,400,{},78.78155166028341,393,7
2,0,,400,1,"{""BELIEF_SHIFT"": 4, ""EXECUTOR_INVALID"": 380, ""OBSTACLE_DISCOVERED"": 4, ""PERIODIC_REFRESH"": 4, ""WAYPOINT_STALE"": 388}",,380,False,,400,17.549928774784245,110.0,11.716893854290026,Event-BSER-phase1b1,4,3,89,83,1,0.012048192771084338,3.993005900508562,400,"{""ATOMIC_REJECT_MISSING_SEARCH_ROUTE"": 82, ""OBSTACLE_OFF_ROUTE"": 1, ""REJECT_EVENT_COOLDOWN"": 306, ""REJECT_INSUFFICIENT_RELATIVE_GAIN"": 5}",394,2,1290.2000922999996,0,unknown_validation_m20_0002,2730,OK,400,False,400,{},46.867575417160104,388,4
1,0,,400,2,"{""BELIEF_SHIFT"": 6, ""EXECUTOR_INVALID"": 380, ""OBSTACLE_DISCOVERED"": 3, ""PERIODIC_REFRESH"": 4, ""WAYPOINT_STALE"": 380}",,380,False,,400,17.549928774784245,20.0,14.248156597180815,Event-BSER-phase1b1,3,0,89,80,0,0.0,5.503629593059145,400,"{""ATOMIC_REJECT_MISSING_SEARCH_ROUTE"": 80, ""OBSTACLE_OFF_ROUTE"": 2, ""REJECT_EVENT_COOLDOWN"": 300, ""REJECT_INSUFFICIENT_RELATIVE_GAIN"": 8}",390,1,1338.8550496999997,0,unknown_validation_m20_0002,2730,OK,400,False,400,{},42.74446979154244,380,3
1,0,,400,3,"{""BELIEF_SHIFT"": 6, ""EXECUTOR_INVALID"": 380, ""OBSTACLE_DISCOVERED"": 3, ""PERIODIC_REFRESH"": 4, ""WAYPOINT_STALE"": 380}",,380,False,,400,17.549928774784245,20.0,14.248156597180815,Event-BSER-phase1b1,3,0,89,80,0,0.0,5.376597301361027,400,"{""ATOMIC_REJECT_MISSING_SEARCH_ROUTE"": 80, ""OBSTACLE_OFF_ROUTE"": 2, ""REJECT_EVENT_COOLDOWN"": 300, ""REJECT_INSUFFICIENT_RELATIVE_GAIN"": 8}",390,1,1367.1470835,0,unknown_validation_m20_0002,2730,OK,400,False,400,{},42.74446979154244,380,3
8,0,,400,0,"{""BELIEF_SHIFT"": 16, ""EXECUTOR_INVALID"": 379, ""EXECUTOR_TARGET_RECEIVED"": 1, ""OBSTACLE_DISCOVERED"": 6, ""PERIODIC_REFRESH"": 4, ""TARGET_FOUND"": 1, ""WAYPOINT_STALE"": 389}",,379,False,234,400,23.40939982143925,30.0,13.994348564213642,Event-BSER-phase1b1,6,5,67,52,4,0.07692307692307693,2.9049943314048807,166,"{""ATOMIC_REJECT_MISSING_SEARCH_ROUTE"": 47, ""NO_REPLAN_EVENT"": 152, ""REJECT_EVENT_COOLDOWN"": 175, ""REJECT_INSUFFICIENT_RELATIVE_GAIN"": 12, ""REJECT_NO_ASSIGNMENT_CHANGE"": 5}",391,8,1029.6389364000006,0,unknown_validation_m20_0003,2731,OK,400,False,234,"{""NO_VALID_ROUTE"": 5, ""standby:y02"": 161, ""standby:y03"": 1}",139.9434856421364,389,10
15,0,,400,1,"{""BELIEF_SHIFT"": 17, ""EXECUTOR_INVALID"": 379, ""EXECUTOR_TARGET_RECEIVED"": 1, ""OBSTACLE_DISCOVERED"": 8, ""PERIODIC_REFRESH"": 4, ""TARGET_FOUND"": 1, ""WAYPOINT_STALE"": 394}",,379,False,134,400,23.40939982143925,26.666666666666668,7.148008129821834,Event-BSER-phase1b1,8,6,44,33,5,0.15151515151515152,1.9122568785747744,266,"{""ATOMIC_REJECT_MISSING_SEARCH_ROUTE"": 27, ""NO_REPLAN_EVENT"": 209, ""REJECT_EVENT_COOLDOWN"": 101, ""REJECT_INSUFFICIENT_RELATIVE_GAIN"": 3, ""REJECT_NO_ASSIGNMENT_CHANGE"": 42}",382,15,997.3848725000007,0,unknown_validation_m20_0003,2731,OK,400,False,134,"{""NO_VALID_ROUTE"": 44, ""standby:y02"": 124, ""standby:y03"": 99}",178.70020324554585,394,25
15,0,,400,2,"{""BELIEF_SHIFT"": 17, ""EXECUTOR_INVALID"": 379, ""EXECUTOR_TARGET_RECEIVED"": 1, ""OBSTACLE_DISCOVERED"": 8, ""PERIODIC_REFRESH"": 4, ""TARGET_FOUND"": 1, ""WAYPOINT_STALE"": 394}",,379,False,134,400,23.40939982143925,26.666666666666668,7.148008129821834,Event-BSER-phase1b1,8,6,44,33,5,0.15151515151515152,1.9115069796317037,266,"{""ATOMIC_REJECT_MISSING_SEARCH_ROUTE"": 27, ""NO_REPLAN_EVENT"": 209, ""REJECT_EVENT_COOLDOWN"": 101, ""REJECT_INSUFFICIENT_RELATIVE_GAIN"": 3, ""REJECT_NO_ASSIGNMENT_CHANGE"": 42}",382,15,995.6793987000001,0,unknown_validation_m20_0003,2731,OK,400,False,134,"{""NO_VALID_ROUTE"": 44, ""standby:y02"": 124, ""standby:y03"": 99}",178.70020324554585,394,25
4,0,,400,3,"{""BELIEF_SHIFT"": 7, ""EXECUTOR_INVALID"": 380, ""OBSTACLE_DISCOVERED"": 11, ""PERIODIC_REFRESH"": 4, ""WAYPOINT_STALE"": 380}",,380,False,,400,23.40939982143925,95.0,12.430765343286678,Event-BSER-phase1b1,11,3,91,83,2,0.024096385542168676,4.772357473966072,400,"{""ATOMIC_REJECT_MISSING_SEARCH_ROUTE"": 80, ""OBSTACLE_OFF_ROUTE"": 4, ""REJECT_EVENT_COOLDOWN"": 300, ""REJECT_INSUFFICIENT_RELATIVE_GAIN"": 6, ""REJECT_NO_ASSIGNMENT_CHANGE"": 1}",391,4,1323.4448232000013,0,unknown_validation_m20_0003,2731,OK,400,False,400,{},99.44612274629343,380,8
6,0,,400,0,"{""BELIEF_SHIFT"": 3, ""EXECUTOR_INVALID"": 380, ""OBSTACLE_DISCOVERED"": 8, ""PERIODIC_REFRESH"": 4, ""WAYPOINT_STALE"": 381}",,380,False,,400,14.45683229480096,66.66666666666667,7.484301644170821,Event-BSER-phase1b1,8,5,91,85,3,0.03529411764705882,2.7452661846631967,400,"{""ATOMIC_REJECT_MISSING_SEARCH_ROUTE"": 81, ""OBSTACLE_OFF_ROUTE"": 2, ""REJECT_EVENT_COOLDOWN"": 300, ""REJECT_INSUFFICIENT_RELATIVE_GAIN"": 3, ""REJECT_NO_ASSIGNMENT_CHANGE"": 1}",387,6,1375.0694536999981,0,unknown_validation_m20_0004,2732,OK,400,False,400,{},89.81161973004986,381,12
8,0,,400,1,"{""BELIEF_SHIFT"": 3, ""EXECUTOR_INVALID"": 380, ""OBSTACLE_DISCOVERED"": 8, ""PERIODIC_REFRESH"": 4, ""WAYPOINT_STALE"": 380}",,380,False,,400,14.45683229480096,47.5,7.137673594634379,Event-BSER-phase1b1,8,6,92,86,5,0.05813953488372093,2.4035195567444303,400,"{""ATOMIC_REJECT_MISSING_SEARCH_ROUTE"": 80, ""OBSTACLE_OFF_ROUTE"": 1, ""REJECT_EVENT_COOLDOWN"": 300, ""REJECT_INSUFFICIENT_RELATIVE_GAIN"": 3, ""REJECT_NO_ASSIGNMENT_CHANGE"": 1}",385,8,974.3486327999999,0,unknown_validation_m20_0004,2732,OK,400,False,400,{},128.4781247034188,380,18
8,0,,400,2,"{""BELIEF_SHIFT"": 2, ""EXECUTOR_INVALID"": 380, ""OBSTACLE_DISCOVERED"": 11, ""PERIODIC_REFRESH"": 4, ""WAYPOINT_STALE"": 380}",,380,False,,400,15.620499351813308,40.0,9.106018637538664,Event-BSER-phase1b1,11,6,92,86,5,0.05813953488372093,2.5994834398462383,400,"{""ATOMIC_REJECT_MISSING_SEARCH_ROUTE"": 80, ""OBSTACLE_OFF_ROUTE"": 4, ""REJECT_EVENT_COOLDOWN"": 300, ""REJECT_INSUFFICIENT_RELATIVE_GAIN"": 3, ""REJECT_NO_ASSIGNMENT_CHANGE"": 1}",388,8,1345.250347199999,0,unknown_validation_m20_0004,2732,OK,400,False,400,{},118.37824228800262,380,13
8,0,376,376,3,"{""BELIEF_SHIFT"": 7, ""EXECUTOR_INVALID"": 357, ""EXECUTOR_TARGET_RECEIVED"": 1, ""OBSTACLE_DISCOVERED"": 7, ""PERIODIC_REFRESH"": 3, ""TARGET_FOUND"": 1, ""WAYPOINT_STALE"": 362}",,357,False,294,400,14.45683229480096,42.625,8.71797691816667,Event-BSER-phase1b1,7,3,70,62,2,0.03225806451612903,2.345911829511867,106,"{""ATOMIC_REJECT_MISSING_SEARCH_ROUTE"": 59, ""OBSTACLE_OFF_ROUTE"": 3, ""REJECT_EVENT_COOLDOWN"": 220, ""REJECT_INSUFFICIENT_RELATIVE_GAIN"": 5, ""REJECT_NO_ASSIGNMENT_CHANGE"": 76}",363,8,1160.6933758999985,0,unknown_validation_m20_0004,2732,OK,376,True,294,"{""NO_VALID_ROUTE"": 79, ""standby:y02"": 4}",95.89774609983337,362,11
20,0,,400,0,"{""BELIEF_SHIFT"": 21, ""EXECUTOR_INVALID"": 393, ""EXECUTOR_TARGET_RECEIVED"": 1, ""OBSTACLE_DISCOVERED"": 5, ""PERIODIC_REFRESH"": 4, ""TARGET_FOUND"": 1, ""WAYPOINT_STALE"": 400}",,393,False,1,400,21.656407827707714,20.0,20.96248802796144,Event-BSER-phase1b1,5,2,7,1,1,1.0,1.925600699470324,399,"{""REJECT_INSUFFICIENT_RELATIVE_GAIN"": 5, ""REJECT_NO_ASSIGNMENT_CHANGE"": 375}",380,20,1043.0596358000003,0,unknown_validation_m20_0005,2733,OK,400,False,1,"{""NO_VALID_ROUTE"": 394, ""standby:y02"": 5, ""standby:y03"": 1}",62.887464083884325,400,3
20,0,,400,1,"{""BELIEF_SHIFT"": 21, ""EXECUTOR_INVALID"": 393, ""EXECUTOR_TARGET_RECEIVED"": 1, ""OBSTACLE_DISCOVERED"": 5, ""PERIODIC_REFRESH"": 4, ""TARGET_FOUND"": 1, ""WAYPOINT_STALE"": 400}",,393,False,1,400,21.656407827707714,20.0,20.96248802796144,Event-BSER-phase1b1,5,2,7,1,1,1.0,1.925574660850992,399,"{""REJECT_INSUFFICIENT_RELATIVE_GAIN"": 5, ""REJECT_NO_ASSIGNMENT_CHANGE"": 375}",380,20,1010.0615414999993,0,unknown_validation_m20_0005,2733,OK,400,False,1,"{""NO_VALID_ROUTE"": 394, ""standby:y02"": 5, ""standby:y03"": 1}",62.887464083884325,400,3
20,0,,400,2,"{""BELIEF_SHIFT"": 21, ""EXECUTOR_INVALID"": 390, ""EXECUTOR_TARGET_RECEIVED"": 1, ""OBSTACLE_DISCOVERED"": 6, ""PERIODIC_REFRESH"": 4, ""TARGET_FOUND"": 1, ""WAYPOINT_STALE"": 400}",,390,False,1,400,21.656407827707714,20.0,20.96248802796144,Event-BSER-phase1b1,6,3,10,1,1,1.0,1.8713037851899912,399,"{""REJECT_INSUFFICIENT_RELATIVE_GAIN"": 8, ""REJECT_NO_ASSIGNMENT_CHANGE"": 372}",380,20,1115.6282907999994,0,unknown_validation_m20_0005,2733,OK,400,False,1,"{""NO_VALID_ROUTE"": 391, ""standby:y02"": 6, ""standby:y03"": 3}",62.887464083884325,400,3
21,0,,400,3,"{""BELIEF_SHIFT"": 21, ""EXECUTOR_INVALID"": 381, ""EXECUTOR_TARGET_RECEIVED"": 1, ""OBSTACLE_DISCOVERED"": 10, ""PERIODIC_REFRESH"": 4, ""TARGET_FOUND"": 1, ""WAYPOINT_STALE"": 400}",,381,False,1,400,21.840329667841555,19.047619047619047,9.441652949802117,Event-BSER-phase1b1,10,5,19,4,4,1.0,1.5546346876002175,399,"{""NO_REPLAN_EVENT"": 95, ""REJECT_INSUFFICIENT_RELATIVE_GAIN"": 11, ""REJECT_NO_ASSIGNMENT_CHANGE"": 273}",379,21,1251.4639932000027,0,unknown_validation_m20_0005,2733,OK,400,False,1,"{""NO_VALID_ROUTE"": 287, ""standby:y02"": 109, ""standby:y03"": 4}",151.06644719683388,400,16
10,0,,400,0,"{""BELIEF_SHIFT"": 7, ""EXECUTOR_INVALID"": 386, ""OBSTACLE_DISCOVERED"": 16, ""PERIODIC_REFRESH"": 4, ""WAYPOINT_STALE"": 380}",,386,False,,400,18.439088914585774,32.0,6.75985794619614,Event-BSER-phase1b2_corrected,16,15,30,30,10,0.3333333333333333,3.3160725750146547,400,"{""ATOMIC_REJECT_MISSING_LOCAL_CANDIDATES"": 20, ""OBSTACLE_OFF_ROUTE"": 1, ""REJECT_EVENT_COOLDOWN"": 366}",387,10,1232.4603994,0,unknown_validation_m20_0001,2729,OK,400,False,400,{},87.87815330054983,380,13
6,0,,400,1,"{""BELIEF_SHIFT"": 8, ""EXECUTOR_INVALID"": 388, ""OBSTACLE_DISCOVERED"": 12, ""PERIODIC_REFRESH"": 4, ""WAYPOINT_STALE"": 380}",,388,False,,400,18.439088914585774,63.333333333333336,9.01889298278766,Event-BSER-phase1b2_corrected,12,11,29,27,5,0.18518518518518517,3.7517106447723476,400,"{""ATOMIC_REJECT_MISSING_LOCAL_CANDIDATES"": 20, ""REJECT_EVENT_COOLDOWN"": 368, ""REJECT_INSUFFICIENT_RELATIVE_GAIN"": 1, ""REJECT_NO_ASSIGNMENT_CHANGE"": 2}",391,6,1357.058567,0,unknown_validation_m20_0001,2729,OK,400,False,400,{},81.17003684508894,380,9
1,0,,400,2,"{""BELIEF_SHIFT"": 5, ""EXECUTOR_INVALID"": 383, ""OBSTACLE_DISCOVERED"": 12, ""PERIODIC_REFRESH"": 4, ""WAYPOINT_STALE"": 399}",,383,False,,400,0.0,20.0,0.0,Event-BSER-phase1b2_corrected,12,12,37,37,1,0.02702702702702703,4.680392780212424,400,"{""ATOMIC_REJECT_MISSING_LOCAL_CANDIDATES"": 20, ""ATOMIC_REJECT_MISSING_SEARCH_ROUTE"": 16, ""REJECT_EVENT_COOLDOWN"": 363}",399,1,1106.3237921,0,unknown_validation_m20_0001,2729,OK,400,False,400,{},0.0,399,0
1,0,,400,3,"{""BELIEF_SHIFT"": 5, ""EXECUTOR_INVALID"": 384, ""OBSTACLE_DISCOVERED"": 13, ""PERIODIC_REFRESH"": 4, ""WAYPOINT_STALE"": 399}",,384,False,,400,0.0,20.0,0.0,Event-BSER-phase1b2_corrected,13,13,36,36,1,0.027777777777777776,4.694462270581048,400,"{""ATOMIC_REJECT_MISSING_LOCAL_CANDIDATES"": 20, ""ATOMIC_REJECT_MISSING_SEARCH_ROUTE"": 15, ""REJECT_EVENT_COOLDOWN"": 364}",399,1,1029.6103014999999,0,unknown_validation_m20_0001,2729,OK,400,False,400,{},0.0,399,0
3,0,,400,0,"{""BELIEF_SHIFT"": 3, ""EXECUTOR_INVALID"": 380, ""OBSTACLE_DISCOVERED"": 3, ""PERIODIC_REFRESH"": 4, ""WAYPOINT_STALE"": 380}",,380,False,,400,17.549928774784245,133.33333333333334,11.254507380040488,Event-BSER-phase1b2_corrected,3,1,28,21,1,0.047619047619047616,3.8134780490232107,400,"{""ATOMIC_REJECT_MISSING_LOCAL_CANDIDATES"": 20, ""OBSTACLE_OFF_ROUTE"": 2, ""REJECT_EVENT_COOLDOWN"": 360, ""REJECT_INSUFFICIENT_RELATIVE_GAIN"": 5}",387,3,951.3675435000005,0,unknown_validation_m20_0002,2730,OK,400,False,400,{},78.78155166028341,380,7
2,0,,400,1,"{""BELIEF_SHIFT"": 4, ""EXECUTOR_INVALID"": 380, ""OBSTACLE_DISCOVERED"": 1, ""PERIODIC_REFRESH"": 4, ""WAYPOINT_STALE"": 392}",,380,False,,400,17.549928774784245,60.0,11.831761371624571,Event-BSER-phase1b2_corrected,1,1,36,32,1,0.03125,4.65451012253382,400,"{""ATOMIC_REJECT_MISSING_LOCAL_CANDIDATES"": 20, ""ATOMIC_REJECT_MISSING_SEARCH_ROUTE"": 11, ""REJECT_EVENT_COOLDOWN"": 360, ""REJECT_INSUFFICIENT_RELATIVE_GAIN"": 3}",394,2,987.2692678999992,0,unknown_validation_m20_0002,2730,OK,400,False,400,{},47.327045486498285,392,4
1,0,,400,2,"{""BELIEF_SHIFT"": 6, ""EXECUTOR_INVALID"": 380, ""OBSTACLE_DISCOVERED"": 3, ""PERIODIC_REFRESH"": 4, ""WAYPOINT_STALE"": 380}",,380,False,,400,17.549928774784245,20.0,14.248156597180815,Event-BSER-phase1b2_corrected,3,0,29,20,0,0.0,5.503629593059145,400,"{""ATOMIC_REJECT_MISSING_LOCAL_CANDIDATES"": 20, ""OBSTACLE_OFF_ROUTE"": 2, ""REJECT_EVENT_COOLDOWN"": 360, ""REJECT_INSUFFICIENT_RELATIVE_GAIN"": 8}",390,1,1054.0336121,0,unknown_validation_m20_0002,2730,OK,400,False,400,{},42.74446979154244,380,3
1,0,,400,3,"{""BELIEF_SHIFT"": 6, ""EXECUTOR_INVALID"": 380, ""OBSTACLE_DISCOVERED"": 3, ""PERIODIC_REFRESH"": 4, ""WAYPOINT_STALE"": 380}",,380,False,,400,17.549928774784245,20.0,14.248156597180815,Event-BSER-phase1b2_corrected,3,0,29,20,0,0.0,5.376597301361027,400,"{""ATOMIC_REJECT_MISSING_LOCAL_CANDIDATES"": 20, ""OBSTACLE_OFF_ROUTE"": 2, ""REJECT_EVENT_COOLDOWN"": 360, ""REJECT_INSUFFICIENT_RELATIVE_GAIN"": 8}",390,1,1089.8388479000005,0,unknown_validation_m20_0002,2730,OK,400,False,400,{},42.74446979154244,380,3
6,0,,400,0,"{""BELIEF_SHIFT"": 16, ""EXECUTOR_INVALID"": 390, ""EXECUTOR_TARGET_RECEIVED"": 1, ""OBSTACLE_DISCOVERED"": 6, ""PERIODIC_REFRESH"": 4, ""TARGET_FOUND"": 1, ""WAYPOINT_STALE"": 222}",247,390,False,234,400,23.40939982143925,39.166666666666664,13.510953972029839,Event-BSER-phase1b2_corrected,6,5,29,16,3,0.1875,4.913692189138919,13,"{""ATOMIC_REJECT_MISSING_LOCAL_CANDIDATES"": 12, ""REJECT_EVENT_COOLDOWN"": 369, ""REJECT_INSUFFICIENT_RELATIVE_GAIN"": 3, ""REJECT_NO_ASSIGNMENT_CHANGE"": 9}",393,6,856.9183862000009,0,unknown_validation_m20_0003,2731,OK,400,False,234,"{""PUBLIC_HANDOFF_TARGET"": 166, ""standby:y02"": 1}",94.57667780420887,222,7
3,0,363,363,1,"{""BELIEF_SHIFT"": 14, ""EXECUTOR_INVALID"": 361, ""EXECUTOR_TARGET_RECEIVED"": 1, ""OBSTACLE_DISCOVERED"": 5, ""PERIODIC_REFRESH"": 3, ""TARGET_FOUND"": 1, ""WAYPOINT_STALE"": 139}",156,361,False,147,400,23.40939982143925,49.333333333333336,15.130285937635245,Event-BSER-phase1b2_corrected,5,3,21,8,0,0.0,4.702617728328054,9,"{""ATOMIC_REJECT_MISSING_LOCAL_CANDIDATES"": 8, ""REJECT_EVENT_COOLDOWN"": 341, ""REJECT_NO_ASSIGNMENT_CHANGE"": 11}",360,3,734.9787548999993,0,unknown_validation_m20_0003,2731,OK,363,True,147,"{""PUBLIC_HANDOFF_TARGET"": 216, ""standby:y02"": 1}",75.65142968817622,139,5
3,0,,400,2,"{""BELIEF_SHIFT"": 16, ""EXECUTOR_INVALID"": 398, ""EXECUTOR_TARGET_RECEIVED"": 1, ""OBSTACLE_DISCOVERED"": 5, ""PERIODIC_REFRESH"": 4, ""TARGET_FOUND"": 1, ""WAYPOINT_STALE"": 139}",156,398,False,147,400,23.40939982143925,49.333333333333336,15.130285937635245,Event-BSER-phase1b2_corrected,5,3,22,8,0,0.0,4.864904182432447,9,"{""ATOMIC_REJECT_MISSING_LOCAL_CANDIDATES"": 8, ""REJECT_EVENT_COOLDOWN"": 377, ""REJECT_NO_ASSIGNMENT_CHANGE"": 12}",397,3,777.5619774000006,0,unknown_validation_m20_0003,2731,OK,400,False,147,"{""PUBLIC_HANDOFF_TARGET"": 253, ""standby:y02"": 1}",75.65142968817622,139,5
2,152,,400,3,"{""BELIEF_SHIFT"": 5, ""EXECUTOR_INVALID"": 398, ""OBSTACLE_DISCOVERED"": 6, ""PERIODIC_REFRESH"": 4, ""WAYPOINT_STALE"": 388}",,398,False,,400,23.40939982143925,20.0,15.130285937635245,Event-BSER-phase1b2_corrected,6,6,22,20,0,0.0,5.7540944951106905,400,"{""ATOMIC_REJECT_MISSING_LOCAL_CANDIDATES"": 20, ""REJECT_EVENT_COOLDOWN"": 378}",398,2,988.9114272999996,0,unknown_validation_m20_0003,2731,OK,400,False,400,{},75.65142968817622,388,5
6,0,,400,0,"{""BELIEF_SHIFT"": 3, ""EXECUTOR_INVALID"": 380, ""OBSTACLE_DISCOVERED"": 8, ""PERIODIC_REFRESH"": 4, ""WAYPOINT_STALE"": 381}",,380,False,,400,14.45683229480096,66.66666666666667,7.484301644170821,Event-BSER-phase1b2_corrected,8,5,31,25,3,0.12,2.7452661846631967,400,"{""ATOMIC_REJECT_MISSING_LOCAL_CANDIDATES"": 20, ""ATOMIC_REJECT_MISSING_SEARCH_ROUTE"": 1, ""OBSTACLE_OFF_ROUTE"": 2, ""REJECT_EVENT_COOLDOWN"": 360, ""REJECT_INSUFFICIENT_RELATIVE_GAIN"": 3, ""REJECT_NO_ASSIGNMENT_CHANGE"": 1}",387,6,1079.5020846000007,0,unknown_validation_m20_0004,2732,OK,400,False,400,{},89.81161973004986,381,12
8,0,,400,1,"{""BELIEF_SHIFT"": 3, ""EXECUTOR_INVALID"": 380, ""OBSTACLE_DISCOVERED"": 8, ""PERIODIC_REFRESH"": 4, ""WAYPOINT_STALE"": 380}",,380,False,,400,14.45683229480096,47.5,7.137673594634379,Event-BSER-phase1b2_corrected,8,6,32,26,5,0.19230769230769232,2.4035195567444303,400,"{""ATOMIC_REJECT_MISSING_LOCAL_CANDIDATES"": 20, ""OBSTACLE_OFF_ROUTE"": 1, ""REJECT_EVENT_COOLDOWN"": 360, ""REJECT_INSUFFICIENT_RELATIVE_GAIN"": 3, ""REJECT_NO_ASSIGNMENT_CHANGE"": 1}",385,8,689.2879397999968,0,unknown_validation_m20_0004,2732,OK,400,False,400,{},128.4781247034188,380,18
8,0,,400,2,"{""BELIEF_SHIFT"": 2, ""EXECUTOR_INVALID"": 380, ""OBSTACLE_DISCOVERED"": 11, ""PERIODIC_REFRESH"": 4, ""WAYPOINT_STALE"": 380}",,380,False,,400,15.620499351813308,40.0,9.106018637538664,Event-BSER-phase1b2_corrected,11,6,32,26,5,0.19230769230769232,2.5994834398462383,400,"{""ATOMIC_REJECT_MISSING_LOCAL_CANDIDATES"": 20, ""OBSTACLE_OFF_ROUTE"": 4, ""REJECT_EVENT_COOLDOWN"": 360, ""REJECT_INSUFFICIENT_RELATIVE_GAIN"": 3, ""REJECT_NO_ASSIGNMENT_CHANGE"": 1}",388,8,1063.5305372000003,0,unknown_validation_m20_0004,2732,OK,400,False,400,{},118.37824228800262,380,13
6,0,376,376,3,"{""BELIEF_SHIFT"": 7, ""EXECUTOR_INVALID"": 361, ""EXECUTOR_TARGET_RECEIVED"": 1, ""OBSTACLE_DISCOVERED"": 7, ""PERIODIC_REFRESH"": 3, ""TARGET_FOUND"": 1, ""WAYPOINT_STALE"": 279}",295,361,False,294,400,14.45683229480096,49.166666666666664,8.71797691816667,Event-BSER-phase1b2_corrected,7,3,26,17,2,0.11764705882352941,2.345911829511867,1,"{""ATOMIC_REJECT_MISSING_LOCAL_CANDIDATES"": 15, ""OBSTACLE_OFF_ROUTE"": 3, ""REJECT_EVENT_COOLDOWN"": 341, ""REJECT_INSUFFICIENT_RELATIVE_GAIN"": 2, ""REJECT_NO_ASSIGNMENT_CHANGE"": 4}",365,6,852.2473492999998,0,unknown_validation_m20_0004,2732,OK,376,True,294,"{""PUBLIC_HANDOFF_TARGET"": 82, ""standby:y02"": 1}",95.89774609983337,279,11
2,0,,400,0,"{""BELIEF_SHIFT"": 21, ""EXECUTOR_INVALID"": 399, ""EXECUTOR_TARGET_RECEIVED"": 1, ""OBSTACLE_DISCOVERED"": 5, ""PERIODIC_REFRESH"": 4, ""TARGET_FOUND"": 1}",,399,False,1,400,0.0,1.0,0.0,Event-BSER-phase1b2_corrected,5,5,21,0,0,0.0,1.925600699470324,399,"{""REJECT_EVENT_COOLDOWN"": 378, ""REJECT_NO_ASSIGNMENT_CHANGE"": 20}",398,2,585.0650270000006,0,unknown_validation_m20_0005,2733,OK,400,False,1,"{""PUBLIC_HANDOFF_TARGET"": 399, ""standby:y02"": 1}",0.0,0,0
2,0,,400,1,"{""BELIEF_SHIFT"": 21, ""EXECUTOR_INVALID"": 399, ""EXECUTOR_TARGET_RECEIVED"": 1, ""OBSTACLE_DISCOVERED"": 5, ""PERIODIC_REFRESH"": 4, ""TARGET_FOUND"": 1}",,399,False,1,400,0.0,1.0,0.0,Event-BSER-phase1b2_corrected,5,5,21,0,0,0.0,1.925574660850992,399,"{""REJECT_EVENT_COOLDOWN"": 378, ""REJECT_NO_ASSIGNMENT_CHANGE"": 20}",398,2,580.828721599999,0,unknown_validation_m20_0005,2733,OK,400,False,1,"{""PUBLIC_HANDOFF_TARGET"": 399, ""standby:y02"": 1}",0.0,0,0
2,0,,400,2,"{""BELIEF_SHIFT"": 21, ""EXECUTOR_INVALID"": 399, ""EXECUTOR_TARGET_RECEIVED"": 1, ""OBSTACLE_DISCOVERED"": 6, ""PERIODIC_REFRESH"": 4, ""TARGET_FOUND"": 1}",,399,False,1,400,0.0,1.0,0.0,Event-BSER-phase1b2_corrected,6,6,21,0,0,0.0,1.8713037851899912,399,"{""REJECT_EVENT_COOLDOWN"": 378, ""REJECT_NO_ASSIGNMENT_CHANGE"": 20}",398,2,661.808449600001,0,unknown_validation_m20_0005,2733,OK,400,False,1,"{""PUBLIC_HANDOFF_TARGET"": 399, ""standby:y02"": 1}",0.0,0,0
2,0,,400,3,"{""BELIEF_SHIFT"": 21, ""EXECUTOR_INVALID"": 399, ""EXECUTOR_TARGET_RECEIVED"": 1, ""OBSTACLE_DISCOVERED"": 9, ""PERIODIC_REFRESH"": 4, ""TARGET_FOUND"": 1}",,399,False,1,400,0.0,1.0,0.0,Event-BSER-phase1b2_corrected,9,7,21,0,0,0.0,1.8094061906711791,399,"{""REJECT_EVENT_COOLDOWN"": 378, ""REJECT_NO_ASSIGNMENT_CHANGE"": 20}",398,2,875.6752446999999,0,unknown_validation_m20_0005,2733,OK,400,False,1,"{""PUBLIC_HANDOFF_TARGET"": 399, ""standby:y02"": 1}",0.0,0,0
